Customer ID,Customer Name,Segment,Total_Sales,Total_Profit,Cumulative_Sales_%,Customer_Rank_%
SM-20320,Sean Miller,Home Office,25043.05,-1980.7393,1.09,0.13
TC-20980,Tamara Chand,Corporate,19052.218,8981.323900000001,1.92,0.25
RB-19360,Raymond Buch,Consumer,15117.339,6976.0959,2.58,0.38
TA-21385,Tom Ashbrook,Home Office,14595.62,4703.7883,3.21,0.5
AB-10105,Adrian Barton,Consumer,14473.570999999998,5444.8055,3.84,0.63
KL-16645,Ken Lonsdale,Consumer,14175.229000000001,806.855,4.46,0.76
SC-20095,Sanjit Chand,Consumer,14142.333999999999,5757.411899999999,5.08,0.88
HL-15040,Hunter Lopez,Consumer,12873.297999999999,5622.4292000000005,5.64,1.01
SE-20110,Sanjit Engle,Consumer,12209.438000000002,2650.6769,6.17,1.13
CC-12370,Christopher Conant,Consumer,12129.072000000002,2177.0493,6.7,1.26
TS-21370,Todd Sumrall,Corporate,11891.751,2371.7144000000003,7.21,1.39
GT-14710,Greg Tran,Consumer,11820.119999999999,2163.4269,7.73,1.51
BM-11140,Becky Martin,Consumer,11789.63,-1659.9580999999998,8.24,1.64
SV-20365,Seth Vernon,Consumer,11470.949999999999,1199.4242,8.74,1.77
CJ-12010,Caroline Jumper,Consumer,11164.974,858.7414,9.23,1.89
CL-12565,Clay Ludtke,Consumer,10880.546,1933.7830999999999,9.7,2.02
ME-17320,Maria Etezadi,Home Office,10663.728000000001,1859.4695,10.16,2.14
KF-16285,Karen Ferguson,Home Office,10604.266,1660.1386,10.63,2.27
BS-11365,Bill Shonely,Corporate,10501.653,2616.0643999999998,11.08,2.4
EH-13765,Edward Hooks,Corporate,10310.880000000001,1393.5154,11.53,2.52
JL-15835,John Lee,Consumer,9799.923,228.907,11.96,2.65
GT-14635,Grant Thornton,Corporate,9351.212,-4108.6589,12.37,2.77
HW-14935,Helen Wasserman,Corporate,9300.254,2164.1611,12.77,2.9
TB-21400,Tom Boeckenhauer,Consumer,9133.99,2798.3689,13.17,3.03
PF-19120,Peter Fuller,Consumer,9062.864,-614.2943000000001,13.56,3.15
CM-12385,Christopher Martinez,Consumer,8954.019999999999,3899.8903999999998,13.95,3.28
JD-16150,Justin Deggeller,Corporate,8828.0305,1619.5199,14.34,3.4
JE-15715,Joe Elijah,Consumer,8697.842999999999,1262.2926,14.72,3.53
LA-16780,Laura Armstrong,Corporate,8673.222,2059.1199,15.09,3.66
PK-19075,Pete Kriz,Consumer,8646.934,2038.2676000000001,15.47,3.78
DR-12940,Daniel Raglin,Home Office,8350.868,2869.0759999999996,15.83,3.91
NF-18385,Natalie Fritzler,Consumer,8322.826,-1695.9714,16.19,4.04
KD-16270,Karen Daniels,Consumer,8282.358,1107.6952000000003,16.56,4.16
NC-18535,Nick Crebassa,Corporate,8241.739,1314.758,16.91,4.29
HM-14860,Harry Marie,Corporate,8236.7648,2437.9836,17.27,4.41
KD-16495,Keith Dawkins,Corporate,8181.256,3038.6254,17.63,4.54
SB-20290,Sean Braxton,Corporate,8057.891,-2082.7451,17.98,4.67
ZC-21910,Zuschuss Carroll,Consumer,8025.707,-1032.1490000000001,18.33,4.79
JH-15985,Joseph Holt,Consumer,7954.9980000000005,-644.6982,18.68,4.92
NP-18700,Nora Preis,Consumer,7903.1825,631.2282,19.02,5.04
AH-10690,Anna Häberlin,Corporate,7888.294,1298.0166,19.36,5.17
AB-10060,Adam Bellavance,Home Office,7755.62,2054.5885,19.7,5.3
JE-15610,Jim Epp,Corporate,7754.976,1623.4019,20.04,5.42
JW-15220,Jane Waco,Corporate,7721.714,2173.7093999999997,20.37,5.55
LC-16885,Lena Creighton,Consumer,7663.126,1288.3469,20.71,5.67
JM-15865,John Murray,Consumer,7625.076000000001,1574.6163999999999,21.04,5.8
JD-15895,Jonathan Doherty,Corporate,7610.8640000000005,1050.2667999999999,21.37,5.93
PO-18850,Patrick O'Brill,Consumer,7473.8282,38.47569999999996,21.7,6.05
MS-17365,Maribeth Schnelling,Consumer,7443.6900000000005,844.9354999999998,22.02,6.18
RW-19540,Rick Wilson,Corporate,7397.401,1586.6273,22.34,6.31
BM-11650,Brian Moss,Corporate,7294.185,2199.2781,22.66,6.43
PP-18955,Paul Prost,Home Office,7252.608,1495.0854,22.98,6.56
NW-18400,Natalie Webber,Consumer,7234.014,1023.123,23.29,6.68
Dp-13240,Dean percer,Home Office,7198.7609999999995,333.36479999999995,23.6,6.81
FH-14365,Fred Hopkins,Corporate,6987.196,2050.2826,23.91,6.94
RH-19510,Rick Huthwaite,Home Office,6979.18,1289.4535,24.21,7.06
PS-19045,Penelope Sewall,Home Office,6843.634,1742.7296999999999,24.51,7.19
BB-11545,Brenda Bowman,Corporate,6765.728,1015.0749999999999,24.8,7.31
JE-15745,Joel Eaton,Consumer,6760.8150000000005,221.79670000000002,25.1,7.44
YS-21880,Yana Sorensen,Corporate,6720.4439999999995,1778.2923,25.39,7.57
AR-10540,Andy Reiter,Consumer,6608.448,2884.6208,25.68,7.69
DR-12880,Dan Reichenbach,Corporate,6528.034000000001,1641.8613,25.96,7.82
GK-14620,Grace Kelly,Corporate,6497.27,1448.5525,26.25,7.94
JA-15970,Joseph Airdo,Consumer,6491.026,-819.4217000000001,26.53,8.07
NM-18445,Nathan Mautz,Home Office,6459.344,2751.6848999999997,26.81,8.2
VD-21670,Valerie Dominguez,Consumer,6442.254,1617.7874000000002,27.09,8.32
SB-20185,Sarah Brown,Consumer,6410.996,885.4623999999999,27.37,8.45
JG-15160,James Galang,Consumer,6366.392,1415.6664,27.65,8.58
DM-13015,Darrin Martin,Consumer,6345.103,1677.3931,27.92,8.7
CM-12655,Corinna Mitchell,Home Office,6339.5576,1572.4585,28.2,8.83
MJ-17740,Max Jones,Consumer,6320.746,1054.5529000000001,28.47,8.95
BH-11710,Brosina Hoffman,Consumer,6255.351,802.7898,28.75,9.08
RL-19615,Rob Lucas,Consumer,6234.91,488.14840000000004,29.02,9.21
WB-21850,William Brown,Consumer,6160.102,714.3311,29.29,9.33
VW-21775,Victoria Wilson,Corporate,6134.0380000000005,-874.6645,29.55,9.46
SD-20485,Shirley Daniels,Home Office,6121.114,1985.1671999999999,29.82,9.58
QJ-19255,Quincy Jones,Corporate,6108.338,1203.6768,30.08,9.71
AD-10180,Alan Dominguez,Home Office,6106.88,1869.9294,30.35,9.84
CB-12025,Cassandra Brandow,Consumer,6076.139,150.2089,30.62,9.96
GM-14695,Greg Maxwell,Corporate,6049.966,188.7235,30.88,10.09
SC-20380,Shahid Collister,Consumer,5992.536,236.66149999999996,31.14,10.21
KH-16690,Kristen Hastings,Corporate,5990.799,1227.5091,31.4,10.34
RM-19675,Robert Marley,Home Office,5979.0960000000005,1902.5438000000001,31.66,10.47
KH-16510,Keith Herrera,Consumer,5952.859,656.1162,31.92,10.59
BF-11170,Ben Ferrer,Home Office,5907.972,1538.2127,32.18,10.72
CP-12340,Christine Phan,Corporate,5888.275,-1850.3029000000001,32.43,10.84
BD-11320,Bill Donatelli,Consumer,5718.521,1094.5037,32.68,10.97
CS-12505,Cindy Stewart,Consumer,5690.054999999999,-6626.389499999999,32.93,11.1
AM-10705,Anne McFarland,Consumer,5664.022,1085.7326,33.18,11.22
RB-19795,Ross Baird,Home Office,5633.316000000001,-461.73319999999995,33.42,11.35
KM-16375,Katherine Murray,Home Office,5620.186,973.7901999999999,33.67,11.48
AA-10315,Alex Avila,Consumer,5563.56,-362.8825,33.91,11.6
SM-20950,Suzanne McNair,Corporate,5563.392,581.5741999999999,34.15,11.73
NP-18325,Naresj Patel,Consumer,5529.62,1208.8890000000001,34.39,11.85
AC-10450,Amy Cox,Consumer,5527.846,1366.0098,34.63,11.98
MH-18115,Mick Hernandez,Home Office,5503.093,170.9746,34.87,12.11
DP-13390,Dennis Pardue,Home Office,5480.723999999999,1571.8318,35.11,12.23
EP-13915,Emily Phan,Consumer,5478.0608,144.9578,35.35,12.36
YC-21895,Yoseph Carroll,Corporate,5454.35,1305.629,35.59,12.48
SP-20620,Stefania Perrino,Corporate,5440.319,-270.42819999999995,35.82,12.61
LW-17215,Luke Weiss,Consumer,5420.514,837.2411,36.06,12.74
CP-12085,Cathy Prescott,Corporate,5402.254,427.0258,36.29,12.86
TS-21205,Thomas Seio,Corporate,5371.09,862.8877,36.53,12.99
TT-21460,Tonja Turnell,Home Office,5364.808,1124.4999,36.76,13.11
MW-18220,Mitch Webber,Consumer,5341.900000000001,1238.422,36.99,13.24
TP-21415,Tom Prescott,Consumer,5329.0048,-1087.3898,37.23,13.37
TW-21025,Tamara Willingham,Home Office,5278.826,737.3905,37.46,13.49
DW-13480,Dianna Wilson,Home Office,5271.628,1348.7556,37.69,13.62
MW-18235,Mitch Willingham,Corporate,5253.876,1665.516,37.91,13.75
HR-14830,Harold Ryan,Corporate,5248.787,1196.9504,38.14,13.87
SC-20725,Steven Cartwright,Consumer,5226.21,1276.6513,38.37,14.0
RP-19390,Resi Pölking,Consumer,5153.084,465.25030000000015,38.59,14.12
LR-16915,Lena Radford,Consumer,5142.892,535.4764,38.82,14.25
MP-18175,Mike Pelletier,Home Office,5087.92,226.4529,39.04,14.38
AA-10645,Anna Andreadi,Consumer,5086.9349999999995,857.8033,39.26,14.5
IL-15100,Ivan Liston,Consumer,5040.736,1121.937,39.48,14.63
KL-16555,Kelly Lampkin,Corporate,5016.488,-182.78130000000002,39.7,14.75
LB-16795,Laurel Beltran,Home Office,4985.676,-52.19099999999998,39.92,14.88
DH-13075,Dave Hallsten,Corporate,4932.872,1193.7404,40.13,15.01
IM-15070,Irene Maddox,Consumer,4930.474,514.6527,40.35,15.13
TT-21070,Ted Trevino,Consumer,4915.602,751.9567,40.56,15.26
KM-16720,Kunst Miller,Consumer,4909.472,745.7685,40.77,15.38
PO-19180,Philisse Overcash,Home Office,4893.043,1155.4331,40.99,15.51
HK-14890,Heather Kirkland,Corporate,4877.784,956.9451,41.2,15.64
AJ-10780,Anthony Jacobs,Corporate,4867.344,150.71300000000005,41.41,15.76
JK-15730,Joe Kamberova,Consumer,4867.2,55.0483,41.62,15.89
AH-10210,Alan Hwang,Consumer,4805.344,1308.5546,41.83,16.02
DK-13225,Dean Katz,Corporate,4802.394,209.89940000000004,42.04,16.14
RA-19915,Russell Applegate,Consumer,4793.543,304.8673,42.25,16.27
SA-20830,Sue Ann Reed,Consumer,4767.3415,610.1496000000001,42.46,16.39
JK-15640,Jim Kriz,Home Office,4760.434,1172.5303,42.66,16.52
BW-11110,Bart Watters,Corporate,4750.358,921.2574,42.87,16.65
TB-21520,Tracy Blumstein,Consumer,4737.486,-1603.0451,43.08,16.77
GB-14575,Giulietta Baptist,Consumer,4716.288,1135.8393,43.28,16.9
RB-19465,Rick Bensley,Home Office,4715.466,640.5466,43.49,17.02
ES-14080,Erin Smith,Corporate,4657.924,246.6661,43.69,17.15
DB-13270,Deborah Brumfield,Home Office,4655.897,841.8263999999999,43.89,17.28
KT-16480,Kean Thornton,Consumer,4642.088400000001,194.0671,44.09,17.4
SC-20050,Sample Company A,Home Office,4624.572,1011.7443,44.3,17.53
EM-14140,Eugene Moren,Home Office,4588.436000000001,1319.3655,44.5,17.65
DB-13060,Dave Brooks,Consumer,4531.646,473.0272,44.69,17.78
AR-10825,Anthony Rawles,Corporate,4523.336,494.83519999999993,44.89,17.91
AG-10900,Arthur Gainer,Consumer,4510.797,343.6824,45.09,18.03
AJ-10795,Anthony Johnson,Corporate,4501.391,1158.7064,45.28,18.16
LC-16930,Linda Cazamias,Corporate,4492.946,288.26599999999996,45.48,18.28
SC-20770,Stewart Carmichael,Corporate,4492.657,-671.1874,45.67,18.41
TP-21130,Theone Pippenger,Consumer,4454.0560000000005,1129.1261,45.87,18.54
MC-17425,Mark Cousins,Corporate,4432.138,1802.3903,46.06,18.66
JK-15205,Jamie Kunitz,Consumer,4427.142,1219.983,46.25,18.79
KW-16435,Katrina Willman,Consumer,4416.5199999999995,1756.135,46.45,18.92
BD-11500,Bradley Drucker,Consumer,4411.2429999999995,1142.1225,46.64,19.04
AI-10855,Arianne Irving,Consumer,4375.786,867.7271000000001,46.83,19.17
SC-20230,Scot Coram,Corporate,4371.9580000000005,440.14099999999996,47.02,19.29
EB-13840,Ellis Ballard,Corporate,4358.128,656.1988,47.21,19.42
GZ-14470,Gary Zandusky,Consumer,4355.150000000001,1087.7539,47.4,19.55
SR-20740,Steven Roelle,Home Office,4345.8859999999995,1990.4243999999999,47.59,19.67
ND-18370,Natalie DeCherney,Consumer,4326.139,353.64549999999997,47.77,19.8
MA-17560,Matt Abelman,Home Office,4299.161,1240.2266,47.96,19.92
SP-20860,Sung Pak,Corporate,4282.94,566.7226,48.15,20.05
DK-12895,Dana Kaydos,Consumer,4282.176,937.6496,48.33,20.18
RD-19480,Rick Duston,Consumer,4272.93,480.594,48.52,20.3
TC-21295,Toby Carlisle,Consumer,4266.812,606.3727,48.71,20.43
AS-10225,Alan Schoenberger,Corporate,4260.784,719.7751000000001,48.89,20.55
FH-14275,Frank Hawley,Corporate,4256.272,1073.2676,49.08,20.68
CB-12535,Claudia Bergmann,Corporate,4246.4555,1049.5601,49.26,20.81
TH-21550,Tracy Hopkins,Home Office,4234.0960000000005,-571.9678,49.45,20.93
BE-11335,Bill Eplett,Home Office,4204.676,1487.7739000000001,49.63,21.06
JF-15565,Jill Fjeld,Consumer,4198.332,1073.2088,49.81,21.19
GH-14425,Gary Hwang,Consumer,4172.8460000000005,1176.4181,49.99,21.31
RS-19765,Roland Schwarz,Corporate,4159.7699999999995,1206.3851,50.17,21.44
MY-18295,Muhammed Yedwab,Corporate,4152.696,-371.7111,50.36,21.56
PM-19135,Peter McVee,Home Office,4115.662,526.7537,50.53,21.69
SV-20785,Stewart Visinsky,Consumer,4105.305,485.0272,50.71,21.82
DM-13345,Denise Monton,Corporate,4074.4719999999998,1319.0586,50.89,21.94
FP-14320,Frank Preis,Consumer,4046.746,406.44730000000004,51.07,22.07
SP-20920,Susan Pistek,Consumer,3990.689,14.692400000000003,51.24,22.19
CM-12715,Craig Molinari,Corporate,3984.4524,176.3108,51.41,22.32
MP-17965,Michael Paige,Corporate,3983.6420000000003,638.1563,51.59,22.45
SC-20305,Sean Christensen,Consumer,3979.065,229.1617,51.76,22.57
SJ-20125,Sanjit Jacobs,Home Office,3949.656,144.1189,51.93,22.7
LF-17185,Luke Foster,Consumer,3930.5089999999996,-3583.977,52.1,22.82
PW-19240,Pierre Wener,Consumer,3922.4150000000004,1290.354,52.27,22.95
GA-14515,George Ashbrook,Consumer,3919.7760000000003,840.899,52.45,23.08
KH-16630,Ken Heidel,Corporate,3918.9660000000003,727.3786,52.62,23.2
CC-12220,Chris Cortes,Consumer,3913.418,393.9618,52.79,23.33
DB-13555,Dorothy Badders,Corporate,3908.8028,109.32700000000001,52.96,23.46
NP-18670,Nora Paige,Consumer,3908.402,514.6002,53.13,23.58
KC-16540,Kelly Collister,Consumer,3908.262,709.4219,53.3,23.71
FC-14335,Fred Chung,Corporate,3889.366,714.2926,53.47,23.83
BS-11380,Bill Stewart,Corporate,3887.834,-17.532200000000024,53.64,23.96
JS-15880,John Stevenson,Consumer,3868.02,564.9798000000001,53.8,24.09
RA-19885,Ruben Ausman,Corporate,3832.314,1292.8656,53.97,24.21
AT-10735,Annie Thurman,Consumer,3831.864,974.107,54.14,24.34
OT-18730,Olvera Toch,Consumer,3818.624,-925.1203,54.3,24.46
RO-19780,Rose O'Brian,Consumer,3815.478,-1262.5716000000002,54.47,24.59
MC-17845,Michael Chen,Consumer,3805.714,698.4174,54.64,24.72
MM-17920,Michael Moore,Consumer,3794.0800000000004,82.12499999999997,54.8,24.84
CA-11965,Carol Adams,Corporate,3789.7228,1143.3817,54.97,24.97
MG-17650,Matthew Grinstein,Home Office,3785.276,341.898,55.13,25.09
MD-17350,Maribeth Dona,Consumer,3766.382,-241.94999999999996,55.29,25.22
JK-15625,Jim Karlsson,Consumer,3760.028,750.9485,55.46,25.35
JK-16090,Juliana Krohn,Consumer,3747.668,586.6625,55.62,25.47
FM-14290,Frank Merwin,Home Office,3736.198,198.10949999999997,55.78,25.6
SC-20260,Scott Cohen,Corporate,3729.7929999999997,671.0033999999999,55.95,25.73
HG-15025,Hunter Glantz,Consumer,3690.284,804.6113,56.11,25.85
BP-11185,Ben Peterman,Corporate,3675.861,363.5991,56.27,25.98
LP-17095,Liz Preis,Consumer,3653.399,338.44539999999995,56.43,26.1
CS-12400,Christopher Schild,Home Office,3651.8585000000003,-342.80330000000004,56.58,26.23
EB-13705,Ed Braxton,Corporate,3644.978,13.621500000000005,56.74,26.36
JP-15520,Jeremy Pistek,Consumer,3635.594,757.1802,56.9,26.48
SZ-20035,Sam Zeldin,Home Office,3625.329,366.43030000000005,57.06,26.61
RH-19495,Rick Hansen,Consumer,3621.3759999999997,563.7877,57.22,26.73
TB-21175,Thomas Boland,Corporate,3589.296,829.1635,57.37,26.86
GM-14440,Gary McGarr,Consumer,3582.8199999999997,347.266,57.53,26.99
DL-13495,Dionis Lloyd,Corporate,3539.322,-52.78799999999997,57.68,27.11
ES-14020,Erica Smith,Consumer,3510.4579999999996,1003.2935,57.84,27.24
RW-19690,Robert Waldorf,Consumer,3495.646,707.5503,57.99,27.36
AG-10675,Anna Gayman,Consumer,3489.0396000000005,-246.42570000000003,58.14,27.49
ED-13885,Emily Ducich,Home Office,3484.92,670.4435000000001,58.29,27.62
PW-19030,Pauline Webber,Corporate,3454.916,803.8169,58.44,27.74
SF-20200,Sarah Foster,Consumer,3422.7859999999996,286.9046,58.59,27.87
FC-14245,Frank Carlisle,Home Office,3418.742,1217.1662000000001,58.74,27.99
SH-19975,Sally Hughsby,Corporate,3406.8395,558.4739999999999,58.89,28.12
SG-20080,Sandra Glassco,Consumer,3406.5809999999997,570.438,59.04,28.25
TS-21655,Trudy Schmidt,Consumer,3368.094,220.91629999999998,59.18,28.37
SC-20020,Sam Craven,Consumer,3362.9636,-317.0508,59.33,28.5
VP-21760,Victoria Pisteka,Corporate,3360.526,-1018.7768,59.48,28.63
DJ-13630,Doug Jacobs,Consumer,3356.398,731.5644,59.62,28.75
DV-13465,Dianna Vittorini,Consumer,3341.587,353.2127,59.77,28.88
SF-20965,Sylvia Foulston,Corporate,3336.535,539.9352,59.91,29.0
DC-12850,Dan Campbell,Consumer,3336.168,-1441.6312999999998,60.06,29.13
AP-10915,Arthur Prichep,Consumer,3323.556,579.3113,60.2,29.26
DK-13375,Dennis Kane,Consumer,3318.486,377.0799,60.35,29.38
KH-16330,Katharine Harms,Corporate,3312.864,454.7871,60.49,29.51
RF-19345,Randy Ferguson,Corporate,3309.15,633.7072000000001,60.64,29.63
RR-19525,Rick Reed,Corporate,3302.2619999999997,721.6826,60.78,29.76
BD-11605,Brian Dahlen,Consumer,3288.471,634.8463,60.92,29.89
BS-11665,Brian Stugart,Consumer,3288.1099999999997,238.73680000000002,61.07,30.01
RW-19630,Rob Williams,Corporate,3279.746,698.8325,61.21,30.14
DL-12925,Daniel Lacy,Consumer,3272.2,4.213200000000029,61.35,30.26
DK-12835,Damala Kotsonis,Corporate,3256.48,881.1228000000001,61.49,30.39
AS-10090,Adam Shillingsburg,Consumer,3255.31,64.53739999999998,61.63,30.52
JO-15145,Jack O'Briant,Corporate,3254.949,581.4045,61.78,30.64
AH-10075,Adam Hart,Corporate,3250.337,281.189,61.92,30.77
HG-14965,Henry Goldwyn,Corporate,3247.642,-2797.9635000000003,62.06,30.9
LC-16960,Lindsay Castell,Home Office,3246.626,299.48019999999997,62.2,31.02
CT-11995,Carol Triggs,Consumer,3241.898,161.22629999999995,62.34,31.15
EB-13750,Edward Becker,Corporate,3236.314,-80.28599999999999,62.48,31.27
SR-20425,Sharelle Roach,Home Office,3233.481,-3333.9144,62.62,31.4
LW-16990,Lindsay Williams,Corporate,3230.308,662.8339000000001,62.76,31.53
RS-19420,Ricardo Sperren,Corporate,3221.29,633.4513999999999,62.9,31.65
AS-10285,Alejandro Savely,Corporate,3214.236,354.62760000000003,63.04,31.78
MP-17470,Mark Packer,Home Office,3206.132,600.2873,63.18,31.9
CS-12355,Christine Sundaresam,Consumer,3202.1620000000003,831.9432,63.32,32.03
BT-11680,Brian Thompson,Consumer,3196.752,447.74839999999995,63.46,32.16
DG-13300,Deirdre Greer,Corporate,3195.818,562.7761,63.6,32.28
JL-15505,Jeremy Lonsdale,Consumer,3173.874,591.7163,63.74,32.41
GM-14680,Greg Matthias,Consumer,3163.628,35.48649999999999,63.88,32.53
JM-15250,Janet Martin,Consumer,3159.1220000000003,19.82350000000004,64.01,32.66
CK-12205,Chloris Kastensmidt,Consumer,3154.855,141.2831,64.15,32.79
KB-16240,Karen Bern,Corporate,3152.6150000000002,763.9076,64.29,32.91
MS-17770,Maxwell Schwartz,Consumer,3144.678,280.85839999999996,64.43,33.04
RD-19900,Ruben Dartt,Consumer,3133.924,455.5292,64.56,33.17
TN-21040,Tanja Norvell,Home Office,3130.221,-692.0452,64.7,33.29
SN-20710,Steve Nguyen,Home Office,3127.9592,481.74989999999997,64.83,33.42
SG-20605,Speros Goranitis,Consumer,3124.832,463.269,64.97,33.54
KH-16360,Katherine Hughes,Consumer,3100.612,528.2051,65.11,33.67
PG-18820,Patrick Gardner,Consumer,3086.907,137.46130000000002,65.24,33.8
EH-14125,Eugene Hildebrand,Home Office,3082.653,96.27019999999999,65.37,33.92
GM-14455,Gary Mitchum,Home Office,3078.624,793.2814000000001,65.51,34.05
EB-14110,Eugene Barchas,Consumer,3071.126,184.7656,65.64,34.17
MG-18145,Mike Gockenbach,Consumer,3061.543,-93.603,65.78,34.3
TG-21310,Toby Gnade,Consumer,3058.372,682.1704,65.91,34.43
KT-16465,Kean Takahito,Consumer,3057.1,254.0032,66.04,34.55
SS-20410,Shahid Shariari,Consumer,3056.8070000000002,-1010.9738,66.17,34.68
SL-20155,Sara Luxemburg,Home Office,3053.012,527.9715,66.31,34.8
AS-10045,Aaron Smayling,Corporate,3050.692,-253.57459999999998,66.44,34.93
CA-12775,Cynthia Arntzen,Consumer,3041.566,204.48950000000002,66.57,35.06
CS-11950,Carlos Soltero,Consumer,3036.547,-126.4223,66.7,35.18
LS-16975,Lindsay Shagiari,Home Office,2988.674,262.63669999999996,66.83,35.31
MH-18025,Michelle Huthwaite,Consumer,2984.948,476.9032,66.96,35.44
FA-14230,Frank Atkinson,Corporate,2984.054,520.5229,67.09,35.56
DB-13120,David Bremer,Corporate,2973.094,-1421.7692,67.22,35.69
NS-18640,Noel Staavos,Corporate,2964.823,-234.7714,67.35,35.81
TM-21010,Tamara Manning,Consumer,2955.2259999999997,573.3013,67.48,35.94
CK-12325,Christine Kargatis,Home Office,2945.321,261.22090000000003,67.61,36.07
TH-21115,Thea Hudgings,Corporate,2942.772,-252.5539,67.74,36.19
LT-17110,Liz Thompson,Consumer,2936.252,320.973,67.87,36.32
BC-11125,Becky Castell,Home Office,2933.676,251.5974,67.99,36.44
JK-16120,Julie Kriz,Home Office,2932.484,122.6566,68.12,36.57
SW-20455,Shaun Weien,Consumer,2921.544,793.6548,68.25,36.7
ML-17410,Maris LaWare,Consumer,2921.5,-76.17550000000003,68.38,36.82
RD-19585,Rob Dowd,Consumer,2912.8940000000002,734.5158,68.5,36.95
CY-12745,Craig Yedwab,Corporate,2900.026,60.64670000000001,68.63,37.07
ND-18460,Neil Ducich,Corporate,2893.455,443.33680000000004,68.75,37.2
MT-17815,Meg Tillman,Consumer,2890.139,509.0068,68.88,37.33
BF-11020,Barry Französisch,Corporate,2888.506,302.02,69.01,37.45
DS-13180,David Smith,Corporate,2881.8128,163.6993,69.13,37.58
PV-18985,Paul Van Hugh,Home Office,2876.046,434.52840000000003,69.26,37.7
IM-15055,Ionia McGrath,Consumer,2872.63,975.7701,69.38,37.83
CC-12430,Chuck Clark,Home Office,2870.05,424.6583,69.51,37.96
CC-12685,Craig Carroll,Consumer,2854.1150000000002,850.1591,69.63,38.08
AW-10930,Arthur Wiediger,Home Office,2852.968,-104.5486,69.76,38.21
EA-14035,Erin Ashbrook,Corporate,2846.705,-52.74059999999998,69.88,38.34
LS-16945,Linda Southworth,Corporate,2845.27,-318.77369999999996,70.0,38.46
DB-12970,Darren Budd,Corporate,2839.2272,213.00289999999998,70.13,38.59
JM-16195,Justin MacKendrick,Consumer,2833.9260000000004,754.1144,70.25,38.71
CV-12295,Christina VanderZanden,Consumer,2830.6279999999997,493.0861,70.37,38.84
TS-21610,Troy Staebel,Consumer,2820.424,-294.6981,70.5,38.97
GH-14410,Gary Hansen,Home Office,2819.4669999999996,-576.8335,70.62,39.09
BG-11035,Barry Gonzalez,Consumer,2798.948,-711.4274,70.74,39.22
TB-21625,Trudy Brown,Consumer,2797.668,379.882,70.86,39.34
RD-19660,Robert Dilbeck,Home Office,2786.632,835.772,70.98,39.47
JC-15775,John Castell,Consumer,2772.055,279.56919999999997,71.1,39.6
PF-19165,Philip Fox,Consumer,2770.0,196.87389999999996,71.22,39.72
EB-13870,Emily Burns,Consumer,2767.219,261.5315,71.35,39.85
CS-12250,Chris Selesnick,Corporate,2754.216,738.3626,71.47,39.97
MM-18055,Michelle Moray,Consumer,2749.881,-520.3443,71.58,40.1
KB-16585,Ken Black,Corporate,2744.742,579.3551,71.7,40.23
LL-16840,Lauren Leatherbury,Consumer,2741.2039999999997,560.0078,71.82,40.35
MC-17275,Marc Crier,Consumer,2725.982,461.0014,71.94,40.48
JL-15850,John Lucas,Consumer,2725.256,779.9046,72.06,40.61
ML-17395,Marina Lichtenstein,Corporate,2722.843,684.9162,72.18,40.73
JK-15370,Jay Kimmel,Consumer,2709.632,330.2838,72.3,40.86
JE-16165,Justin Ellison,Corporate,2697.248,789.6476,72.41,40.98
BT-11530,Bradley Talbott,Home Office,2684.4919999999997,409.4983,72.53,41.11
BO-11350,Bill Overfelt,Corporate,2682.728,278.77700000000004,72.65,41.24
FO-14305,Frank Olsen,Consumer,2678.438,215.59689999999998,72.77,41.36
NH-18610,Nicole Hansen,Corporate,2673.29,760.1666,72.88,41.49
RB-19435,Richard Bierner,Consumer,2663.0860000000002,477.23990000000003,73.0,41.61
EJ-14155,Eva Jacobs,Consumer,2656.691,451.87550000000005,73.11,41.74
DK-13090,Dave Kipp,Consumer,2650.557,536.3935,73.23,41.87
CA-12265,Christina Anderson,Consumer,2648.2872,279.6183,73.34,41.99
LC-17140,Logan Currie,Consumer,2633.582,231.12520000000004,73.46,42.12
RA-19285,Ralph Arnett,Consumer,2617.906,546.0882,73.57,42.24
KN-16390,Katherine Nockton,Corporate,2617.272,-151.1518,73.69,42.37
SO-20335,Sean O'Donnell,Consumer,2602.5755,-81.0858,73.8,42.5
SU-20665,Stephanie Ulpright,Home Office,2595.364,763.4719,73.91,42.62
HA-14920,Helen Andreada,Consumer,2584.158,99.1445,74.03,42.75
AG-10270,Alejandro Grove,Consumer,2582.898,732.7399,74.14,42.88
LC-16870,Lena Cacioppo,Consumer,2580.7039999999997,-188.25110000000004,74.25,43.0
SC-20695,Steve Chapman,Corporate,2576.408,611.8291,74.36,43.13
NS-18505,Neola Schneider,Consumer,2575.863,-12.303999999999997,74.47,43.25
BT-11305,Beth Thompson,Home Office,2567.656,417.5918,74.59,43.38
EM-13810,Eleni McCrary,Corporate,2567.0099999999998,-133.8275,74.7,43.51
MZ-17515,Mary Zewe,Corporate,2564.906,787.7503,74.81,43.63
BS-11755,Bruce Stewart,Consumer,2562.382,-113.29840000000003,74.92,43.76
DE-13255,Deanra Eno,Home Office,2550.874,464.47139999999996,75.03,43.88
CC-12610,Corey Catlett,Corporate,2540.631,331.434,75.14,44.01
AC-10615,Ann Chong,Corporate,2537.6859999999997,298.8273,75.25,44.14
CM-12160,Charles McCrossin,Consumer,2533.314,-394.3686,75.36,44.26
HF-14995,Herbert Flentye,Consumer,2533.1639999999998,-13.876799999999989,75.47,44.39
FM-14380,Fred McMath,Consumer,2523.266,191.4898,75.58,44.51
JB-16045,Julia Barnett,Home Office,2518.115,201.51850000000002,75.69,44.64
JS-16030,Joy Smith,Consumer,2516.494,-311.25749999999994,75.8,44.77
DJ-13510,Don Jones,Corporate,2501.6879999999996,345.2521,75.91,44.89
AH-10465,Amy Hunt,Consumer,2495.3916,-196.12009999999998,76.02,45.02
PO-18865,Patrick O'Donnell,Consumer,2493.214,437.8533,76.13,45.15
NZ-18565,Nick Zandusky,Home Office,2488.31,402.4236,76.24,45.27
MN-17935,Michael Nguyen,Consumer,2477.946,290.8227,76.34,45.4
BP-11290,Beth Paige,Consumer,2475.157,-319.0637,76.45,45.52
CC-12145,Charles Crestani,Consumer,2471.65,392.2825,76.56,45.65
NC-18340,Nat Carroll,Consumer,2461.404,580.3075,76.67,45.78
FM-14215,Filia McAdams,Corporate,2456.638,249.6808,76.77,45.9
MH-17455,Mark Hamilton,Consumer,2456.1820000000002,484.77330000000006,76.88,46.03
BS-11590,Brendan Sweed,Corporate,2454.928,381.7807,76.99,46.15
VM-21685,Valerie Mitchum,Home Office,2454.866,513.5269,77.09,46.28
GZ-14545,George Zrebassa,Corporate,2454.6220000000003,828.661,77.2,46.41
MA-17995,Michelle Arnett,Home Office,2453.284,280.7822,77.31,46.53
BP-11095,Bart Pistole,Corporate,2442.044,433.9751,77.41,46.66
MC-17590,Matt Collister,Corporate,2426.067,288.98409999999996,77.52,46.78
TH-21100,Thea Hendricks,Consumer,2422.824,-135.2125,77.63,46.91
MH-17290,Marc Harrigan,Home Office,2394.025,28.761200000000038,77.73,47.04
DF-13135,David Flashing,Consumer,2390.534,-259.3097,77.83,47.16
XP-21865,Xylona Preis,Consumer,2374.658,621.23,77.94,47.29
CK-12595,Clytie Kelty,Consumer,2372.75,497.70980000000003,78.04,47.41
JF-15415,Jennifer Ferguson,Consumer,2371.448,635.6376,78.14,47.54
CV-12805,Cynthia Voltz,Corporate,2370.3136,98.99749999999999,78.25,47.67
NR-18550,Nick Radford,Consumer,2367.277,-25.148799999999966,78.35,47.79
JG-15115,Jack Garza,Consumer,2358.676,684.1911,78.45,47.92
AG-10495,Andrew Gjertsen,Corporate,2356.855,295.6668,78.56,48.05
CL-12700,Craig Leslie,Home Office,2353.586,229.00990000000002,78.66,48.17
MG-17680,Maureen Gastineau,Home Office,2350.188,25.888599999999972,78.76,48.3
RF-19735,Roland Fjeld,Consumer,2341.2960000000003,711.6168,78.86,48.42
EM-13825,Elizabeth Moffitt,Corporate,2339.598,682.5541999999999,78.96,48.55
DB-13210,Dean Braden,Consumer,2332.577,169.9679,79.07,48.68
CM-12235,Chris McAfee,Consumer,2305.712,365.0387,79.17,48.8
MK-17905,Michael Kennedy,Corporate,2302.368,-405.3559,79.27,48.93
LH-16900,Lena Hernandez,Consumer,2295.332,526.0727,79.37,49.05
KN-16705,Kristina Nunn,Home Office,2280.58,329.76250000000005,79.47,49.18
JF-15190,Jamie Frazer,Consumer,2279.5860000000002,575.1259,79.56,49.31
FH-14350,Fred Harton,Consumer,2271.284,706.289,79.66,49.43
CC-12670,Craig Carreira,Consumer,2269.7015,187.8399,79.76,49.56
BE-11410,Bobby Elias,Consumer,2261.438,755.9150999999999,79.86,49.68
KM-16225,Kalyca Meade,Corporate,2260.958,635.1057000000001,79.96,49.81
MC-17605,Matt Connell,Corporate,2258.192,195.4486,80.06,49.94
JH-16180,Justin Hirsh,Consumer,2256.3940000000002,-96.95300000000002,80.16,50.06
MY-17380,Maribeth Yedwab,Corporate,2254.285,319.1211,80.25,50.19
KD-16615,Ken Dana,Corporate,2243.5099999999998,539.7219,80.35,50.32
TS-21505,Tony Sayre,Consumer,2243.274,11.377899999999983,80.45,50.44
JG-15310,Jason Gross,Corporate,2240.58,3.7976000000000063,80.55,50.57
LW-16825,Laurel Workman,Corporate,2238.061,32.5767,80.64,50.69
AR-10405,Allen Rosenblatt,Corporate,2236.128,-98.7646,80.74,50.82
GG-14650,Greg Guthrie,Corporate,2224.0,12.698500000000008,80.84,50.95
NC-18415,Nathan Cano,Consumer,2218.9900000000002,-2204.8072,80.93,51.07
MC-18100,Mick Crebagga,Consumer,2218.98,-64.1668,81.03,51.2
DP-13105,Dave Poirier,Corporate,2215.002,563.1761,81.13,51.32
PF-19225,Phillip Flathmann,Consumer,2206.1279999999997,591.3118000000001,81.22,51.45
MH-17785,Maya Herman,Corporate,2203.7780000000002,238.5614,81.32,51.58
JL-15235,Janet Lee,Consumer,2203.7,54.51740000000002,81.42,51.7
JR-16210,Justin Ritter,Corporate,2201.686,452.37300000000005,81.51,51.83
EN-13780,Edward Nazzal,Consumer,2199.366,496.1131,81.61,51.95
TB-21280,Toby Braunhardt,Consumer,2198.45,490.9567,81.7,52.08
GW-14605,Giulietta Weimer,Consumer,2189.019,-268.54229999999995,81.8,52.21
BT-11395,Bill Tyler,Corporate,2186.6130000000003,257.9163,81.89,52.33
PS-18760,Pamela Stobb,Consumer,2181.479,-134.441,81.99,52.46
SH-20395,Shahid Hopkins,Consumer,2180.718,-144.5229,82.08,52.59
KN-16450,Kean Nguyen,Corporate,2171.962,114.3083,82.18,52.71
DB-12910,Daniel Byrd,Home Office,2171.599,431.3748,82.27,52.84
RP-19855,Roy Phan,Corporate,2170.716,594.5868,82.37,52.96
TS-21160,Theresa Swint,Corporate,2163.6240000000003,260.87440000000004,82.46,53.09
HA-14905,Helen Abelman,Consumer,2163.3,270.8574,82.56,53.22
EJ-13720,Ed Jacobs,Consumer,2162.174,387.0176,82.65,53.34
NM-18520,Neoma Murray,Consumer,2161.979,788.9525000000001,82.74,53.47
JD-15790,John Dryer,Consumer,2152.352,-266.55249999999995,82.84,53.59
CR-12580,Clay Rozendal,Home Office,2148.852,74.40129999999999,82.93,53.72
DN-13690,Duane Noonan,Consumer,2139.79,540.5405000000001,83.02,53.85
KC-16255,Karen Carlisle,Corporate,2120.954,846.1217,83.12,53.97
SH-20635,Stefanie Holloman,Corporate,2096.392,260.6258,83.21,54.1
LC-17050,Liz Carlisle,Consumer,2095.064,86.77799999999999,83.3,54.22
RH-19600,Rob Haberlin,Consumer,2085.7400000000002,172.6261,83.39,54.35
TG-21640,Trudy Glocke,Consumer,2074.661,365.7205,83.48,54.48
ML-17755,Max Ludwig,Home Office,2071.9139999999998,409.51120000000003,83.57,54.6
RB-19705,Roger Barcio,Home Office,2067.45,243.07549999999998,83.66,54.73
TS-21430,Tom Stivers,Corporate,2054.14,48.70169999999999,83.75,54.85
AF-10870,Art Ferguson,Consumer,2052.908,317.9712,83.84,54.98
CD-11920,Carlos Daly,Consumer,2033.968,426.661,83.93,55.11
NF-18595,Nicole Fjeld,Home Office,2031.472,388.2131,84.02,55.23
DJ-13420,Denny Joy,Corporate,2012.52,483.03499999999997,84.1,55.36
VB-21745,Victoria Brennan,Corporate,2005.596,371.2398,84.19,55.49
HP-14815,Harold Pawlan,Home Office,1990.314,373.8637,84.28,55.61
DB-13615,Doug Bickford,Consumer,1989.05,438.80119999999994,84.36,55.74
PG-18895,Paul Gonzalez,Consumer,1987.164,334.5163,84.45,55.86
NB-18655,Nona Balk,Corporate,1972.599,117.6429,84.54,55.99
SW-20275,Scott Williamson,Consumer,1966.65,332.8725,84.62,56.12
LD-17005,Lisa DeCherney,Consumer,1961.934,557.1714,84.71,56.24
CB-12415,Christy Brittain,Consumer,1949.2,272.3883,84.79,56.37
TP-21565,Tracy Poddar,Corporate,1936.6399999999999,139.22869999999995,84.88,56.49
JO-15280,Jas O'Carroll,Consumer,1934.272,202.13619999999997,84.96,56.62
JF-15355,Jay Fein,Consumer,1911.844,330.199,85.04,56.75
ME-17725,Max Engle,Consumer,1908.4532,77.81280000000001,85.13,56.87
SV-20935,Susan Vittorini,Consumer,1903.491,106.8912,85.21,57.0
KD-16345,Katherine Ducich,Consumer,1888.964,328.5942,85.29,57.12
GD-14590,Giulietta Dortch,Corporate,1888.07,230.93729999999996,85.37,57.25
SG-20470,Sheri Gordon,Consumer,1884.798,-119.0105,85.46,57.38
LR-17035,Lisa Ryan,Corporate,1879.306,-382.8079,85.54,57.5
SC-20440,Shaun Chance,Corporate,1874.998,379.5611,85.62,57.63
BG-11695,Brooke Gillingham,Corporate,1874.172,107.5715,85.7,57.76
SP-20650,Stephanie Phelps,Corporate,1872.4360000000001,268.4782,85.78,57.88
NG-18355,Nat Gilpin,Corporate,1869.58,313.63349999999997,85.86,58.01
CD-12790,Cynthia Delaney,Home Office,1860.732,403.8422,85.95,58.13
SN-20560,Skye Norling,Home Office,1860.418,-716.8565000000001,86.03,58.26
PR-18880,Patrick Ryan,Consumer,1840.178,247.6226,86.11,58.39
AJ-10945,Ashley Jarboe,Consumer,1839.24,521.1351999999999,86.19,58.51
PC-18745,Pamela Coakley,Corporate,1832.064,272.685,86.27,58.64
EG-13900,Emily Grady,Consumer,1832.02,104.2656,86.35,58.76
PJ-19015,Pauline Johnson,Consumer,1824.2340000000002,682.9979000000001,86.43,58.89
NC-18625,Noah Childs,Corporate,1821.742,-359.02099999999996,86.5,59.02
JM-15265,Janet Molinari,Corporate,1804.146,502.6143,86.58,59.14
JB-15400,Jennifer Braxton,Corporate,1791.605,156.05319999999998,86.66,59.27
AA-10480,Andrew Allen,Consumer,1790.5120000000002,435.8274,86.74,59.39
CC-12100,Chad Cunningham,Home Office,1770.945,208.5912,86.82,59.52
DS-13030,Darrin Sayre,Home Office,1762.213,193.3319,86.89,59.65
MF-18250,Monica Federle,Corporate,1758.3,456.86080000000004,86.97,59.77
AH-10030,Aaron Hawkins,Corporate,1744.7,365.2152,87.05,59.9
LH-17155,Logan Haushalter,Consumer,1739.689,316.5202,87.12,60.03
BW-11200,Ben Wallace,Consumer,1738.406,246.9973,87.2,60.15
VT-21700,Valerie Takahito,Home Office,1736.596,-224.08889999999997,87.27,60.28
AH-10120,Adrian Hane,Home Office,1735.5140000000001,-2.3145999999999773,87.35,60.4
MV-18190,Mike Vittorini,Consumer,1734.574,273.8582,87.42,60.53
JM-15535,Jessica Myrick,Consumer,1733.443,356.5395,87.5,60.66
BE-11455,Brad Eason,Home Office,1727.652,139.20080000000002,87.57,60.78
DB-13405,Denny Blanton,Consumer,1711.692,438.9092,87.65,60.91
JP-16135,Julie Prescott,Home Office,1707.71,309.7116,87.72,61.03
TZ-21580,Tracy Zic,Consumer,1707.286,224.8887,87.8,61.16
BP-11155,Becky Pak,Consumer,1697.8609999999999,647.3847000000001,87.87,61.29
DK-12985,Darren Koutras,Consumer,1687.04,-107.35379999999998,87.94,61.41
MO-17800,Meg O'Connel,Home Office,1687.0269999999998,169.34369999999998,88.02,61.54
RA-19945,Ryan Akin,Consumer,1686.9225,-445.695,88.09,61.66
KE-16420,Katrina Edelman,Corporate,1686.7312,397.87989999999996,88.16,61.79
CA-12055,Cathy Armstrong,Home Office,1679.7240000000002,211.2559,88.24,61.92
CM-11815,Candace McMahon,Corporate,1673.888,214.463,88.31,62.04
JP-15460,Jennifer Patt,Corporate,1669.135,429.7465,88.38,62.17
CM-12115,Chad McGuire,Consumer,1661.6100000000001,409.0679,88.46,62.3
CC-12475,Cindy Chapman,Consumer,1659.438,154.851,88.53,62.42
EB-13975,Erica Bern,Corporate,1643.255,162.8781,88.6,62.55
AP-10720,Anne Pryor,Home Office,1638.554,285.7888,88.67,62.67
AZ-10750,Annie Zypern,Consumer,1622.0179999999998,154.9503,88.74,62.8
MS-17710,Maurice Satty,Consumer,1613.402,247.4348,88.81,62.93
TB-21250,Tim Brockman,Consumer,1602.376,260.6155,88.88,63.05
CR-12730,Craig Reiter,Consumer,1600.55,306.9176,88.95,63.18
AH-10195,Alan Haines,Corporate,1587.452,-378.5509,89.02,63.3
BF-11215,Benjamin Farhat,Home Office,1585.162,523.2133,89.09,63.43
CK-12760,Cyma Kinney,Corporate,1582.109,-338.4311,89.16,63.56
MC-18130,Mike Caudle,Corporate,1581.9979999999998,121.7565,89.23,63.68
JL-15175,James Lanier,Home Office,1571.523,209.2817,89.3,63.81
KB-16315,Karl Braun,Consumer,1569.464,49.71929999999999,89.36,63.93
GB-14530,George Bell,Corporate,1568.44,7.837100000000003,89.43,64.06
ON-18715,Odella Nelson,Corporate,1567.52,-5.88900000000001,89.5,64.19
MV-17485,Mark Van Huff,Consumer,1560.05,189.0258,89.57,64.31
MB-17305,Maria Bertelson,Consumer,1548.702,212.425,89.64,64.44
BD-11620,Brian DeCherney,Consumer,1538.11,206.75689999999997,89.7,64.56
CH-12070,Cathy Hwang,Home Office,1537.236,195.15109999999999,89.77,64.69
BD-11725,Bruce Degenhardt,Consumer,1526.5,333.9791,89.84,64.82
BV-11245,Benjamin Venier,Corporate,1523.2730000000001,315.2214,89.9,64.94
KA-16525,Kelly Andreada,Consumer,1519.506,234.9194,89.97,65.07
AB-10600,Ann Blume,Corporate,1515.862,-274.9604,90.03,65.2
JG-15805,John Grady,Corporate,1507.018,206.1019,90.1,65.32
DL-12865,Dan Lawera,Consumer,1503.112,322.2449,90.17,65.45
ZD-21925,Zuschuss Donatelli,Consumer,1493.944,249.1307,90.23,65.57
CM-12190,Charlotte Melton,Consumer,1475.144,91.2033,90.29,65.7
LE-16810,Laurel Elliston,Consumer,1469.45,161.76489999999998,90.36,65.83
TB-21055,Ted Butterfield,Consumer,1467.881,390.2113,90.42,65.95
PN-18775,Parhena Norris,Home Office,1467.152,192.0396,90.49,66.08
RK-19300,Ralph Kennedy,Consumer,1460.192,269.688,90.55,66.2
BN-11515,Bradley Nguyen,Consumer,1459.344,340.7054,90.61,66.33
DL-13315,Delfina Latchford,Consumer,1458.258,288.8732,90.68,66.46
PB-19150,Philip Brown,Consumer,1456.95,280.6606,90.74,66.58
AG-10525,Andy Gerbode,Corporate,1455.038,-152.7613,90.8,66.71
RM-19375,Raymond Messe,Consumer,1453.474,392.1499,90.87,66.83
PK-18910,Paul Knutson,Home Office,1441.152,-798.705,90.93,66.96
TD-20995,Tamara Dahlen,Consumer,1434.5480000000002,88.1897,90.99,67.09
JW-16075,Julia West,Consumer,1428.731,154.06369999999998,91.05,67.21
MB-18085,Mick Brown,Consumer,1428.231,117.8057,91.12,67.34
TT-21220,Thomas Thornton,Consumer,1427.0439999999999,278.7371,91.18,67.47
CA-12310,Christine Abelman,Corporate,1421.954,246.02179999999998,91.24,67.59
RD-19720,Roger Demir,Consumer,1419.737,207.3304,91.3,67.72
NL-18310,Nancy Lomonaco,Home Office,1418.0900000000001,343.6381,91.36,67.84
JS-15595,Jill Stevenson,Corporate,1417.654,-175.54899999999998,91.43,67.97
PM-18940,Paul MacIntyre,Consumer,1405.402,157.8768,91.49,68.1
GA-14725,Guy Armstrong,Consumer,1398.382,136.70790000000002,91.55,68.22
CR-12820,Cyra Reiten,Home Office,1397.8724,83.27029999999999,91.61,68.35
NG-18430,Nathan Gelder,Consumer,1395.9379999999999,217.0893,91.67,68.47
JE-15475,Jeremy Ellison,Consumer,1388.682,276.2197,91.73,68.6
TB-21595,Troy Blackwell,Consumer,1387.559,-136.4091,91.79,68.73
FG-14260,Frank Gastineau,Home Office,1383.144,394.73969999999997,91.85,68.85
DM-13525,Don Miller,Corporate,1376.792,199.7688,91.91,68.98
GH-14485,Gene Hale,Corporate,1361.2440000000001,-95.4498,91.97,69.1
SB-20170,Sarah Bern,Consumer,1348.02,157.6658,92.03,69.23
LM-17065,Liz MacKendrick,Consumer,1346.774,-44.87799999999999,92.09,69.36
MG-17695,Maureen Gnade,Consumer,1342.282,-398.79319999999996,92.15,69.48
SJ-20215,Sarah Jordon,Consumer,1341.036,-23.5137,92.2,69.61
BM-11785,Bryan Mills,Consumer,1338.842,137.7439,92.26,69.74
BF-11005,Barry Franz,Home Office,1333.88,-291.38109999999995,92.32,69.86
SS-20140,Saphhira Shifley,Corporate,1324.028,332.3487,92.38,69.99
DM-12955,Dario Medina,Corporate,1322.034,108.7583,92.44,70.11
MT-18070,Michelle Tran,Home Office,1319.4498,-23.676300000000005,92.49,70.24
SJ-20500,Shirley Jackson,Consumer,1318.776,68.09629999999999,92.55,70.37
MM-17260,Magdelene Morse,Consumer,1314.023,178.402,92.61,70.49
SP-20545,Sibella Parks,Corporate,1306.086,-118.77570000000001,92.66,70.62
MC-17575,Matt Collins,Consumer,1303.893,210.7493,92.72,70.74
EK-13795,Eileen Kiefer,Home Office,1303.478,97.10659999999999,92.78,70.87
Co-12640,Corey-Lock,Consumer,1300.076,205.62820000000002,92.83,71.0
DO-13435,Denny Ordway,Consumer,1300.0315,-38.90860000000001,92.89,71.12
HR-14770,Hallie Redmond,Home Office,1299.288,185.5794,92.95,71.25
GR-14560,Georgia Rosenberg,Corporate,1284.38,359.83320000000003,93.0,71.37
CS-11845,Cari Sayre,Corporate,1278.954,185.3776,93.06,71.5
PS-18970,Paul Stevenson,Home Office,1278.639,198.5099,93.11,71.63
SV-20815,Stuart Van,Corporate,1271.0900000000001,199.6502,93.17,71.75
DO-13645,Doug O'Connell,Consumer,1267.316,294.0676,93.23,71.88
CL-11890,Carl Ludwig,Consumer,1262.0140000000001,328.0847,93.28,72.01
LW-17125,Liz Willingham,Consumer,1259.04,192.6312,93.34,72.13
ME-18010,Michelle Ellison,Corporate,1256.944,107.3604,93.39,72.26
GM-14500,Gene McClure,Consumer,1255.682,441.3185,93.44,72.38
SC-20680,Steve Carroll,Home Office,1254.64,370.1578,93.5,72.51
MH-17620,Matt Hagelstein,Corporate,1252.8,122.3612,93.55,72.64
ER-13855,Elpida Rittenbach,Corporate,1245.788,-295.7398,93.61,72.76
TC-21475,Tony Chapman,Home Office,1244.976,119.104,93.66,72.89
JW-15955,Joni Wasserman,Consumer,1244.086,-29.575899999999987,93.72,73.01
MG-17875,Michael Grace,Home Office,1242.8329999999999,-470.7684,93.77,73.14
NP-18685,Nora Pelletier,Home Office,1228.698,514.5017,93.82,73.27
PJ-18835,Patrick Jones,Corporate,1220.09,442.1355,93.88,73.39
EH-14005,Erica Hernandez,Home Office,1219.53,-94.14079999999997,93.93,73.52
JL-15130,Jack Lebron,Consumer,1214.956,-207.79559999999998,93.98,73.64
CD-12280,Christina DeMoss,Consumer,1205.584,233.0274,94.04,73.77
MD-17860,Michael Dominguez,Corporate,1204.91,-4.040300000000002,94.09,73.9
DW-13585,Dorothy Wardle,Corporate,1204.854,-266.8966,94.14,74.02
EB-14170,Evan Bailliet,Consumer,1186.326,282.1701,94.19,74.15
BP-11230,Benjamin Patterson,Consumer,1181.49,-197.2695,94.24,74.27
DC-13285,Debra Catini,Consumer,1174.618,132.06820000000002,94.29,74.4
AT-10435,Alyssa Tate,Home Office,1171.814,100.87680000000002,94.35,74.53
JR-15670,Jim Radford,Consumer,1156.658,-785.1645,94.4,74.65
DB-13660,Duane Benoit,Consumer,1155.202,177.67350000000002,94.45,74.78
CG-12520,Claire Gute,Consumer,1148.7800000000002,169.93439999999998,94.5,74.91
KC-16675,Kimberly Carter,Corporate,1146.05,156.7797,94.55,75.03
RD-19810,Ross DeVincentis,Home Office,1137.616,318.4625,94.6,75.16
CW-11905,Carl Weiss,Home Office,1136.592,370.8298,94.64,75.28
JS-15685,Jim Sink,Corporate,1131.0639999999999,-54.8692,94.69,75.41
DV-13045,Darrin Van Huff,Corporate,1119.483,-427.184,94.74,75.54
AB-10165,Alan Barnes,Consumer,1113.838,220.813,94.79,75.66
TM-21490,Tony Molinari,Consumer,1094.6779999999999,292.52099999999996,94.84,75.79
JO-15550,Jesus Ocampo,Home Office,1090.838,167.6709,94.89,75.91
SW-20245,Scot Wooten,Consumer,1085.078,-19.60620000000001,94.93,76.04
JF-15490,Jeremy Farry,Consumer,1082.918,-18.06730000000001,94.98,76.17
DB-13360,Dennis Bolton,Home Office,1081.466,291.0085,95.03,76.29
DW-13195,David Wiener,Corporate,1080.751,-86.87379999999999,95.08,76.42
CS-12490,Cindy Schnelling,Corporate,1077.2285,-302.8761,95.12,76.54
PC-19000,Pauline Chand,Home Office,1061.488,-184.3364,95.17,76.67
DP-13165,David Philippe,Consumer,1058.616,-40.93759999999999,95.21,76.8
JC-15385,Jenna Caffey,Consumer,1058.108,502.92440000000005,95.26,76.92
PO-19195,Phillina Ober,Home Office,1056.858,-49.70089999999999,95.31,77.05
AA-10375,Allen Armold,Consumer,1056.39,277.3824,95.35,77.18
VS-21820,Vivek Sundaresam,Consumer,1055.981,-262.8093,95.4,77.3
AR-10345,Alex Russell,Corporate,1055.694,-221.0544,95.44,77.43
DP-13000,Darren Powers,Consumer,1050.636,241.4524,95.49,77.55
DH-13675,Duane Huffman,Home Office,1043.096,116.667,95.54,77.68
SM-20905,Susan MacKendrick,Consumer,1043.041,-237.2885,95.58,77.81
EM-14095,Eudokia Martin,Corporate,1041.0420000000001,240.2362,95.63,77.93
TC-21145,Theresa Coyne,Corporate,1038.26,265.5332,95.67,78.06
MK-18160,Mike Kennedy,Consumer,1031.602,227.83380000000002,95.72,78.18
TH-21235,Tiffany House,Corporate,1022.201,92.729,95.76,78.31
SW-20350,Sean Wendt,Home Office,1019.044,95.8383,95.81,78.44
LS-17200,Luke Schmidt,Corporate,1010.2560000000001,244.197,95.85,78.56
RB-19330,Randy Bradley,Consumer,1008.1959999999999,-164.40619999999998,95.89,78.69
LS-17245,Lynn Smith,Consumer,1008.1360000000001,348.3584,95.94,78.81
BG-11740,Bruce Geld,Consumer,1006.356,119.34790000000001,95.98,78.94
VP-21730,Victor Preis,Home Office,993.9019999999999,205.3888,96.02,79.07
KB-16600,Ken Brennan,Corporate,983.922,293.55240000000003,96.07,79.19
BP-11050,Barry Pond,Corporate,983.42,209.78300000000002,96.11,79.32
TS-21340,Toby Swindell,Consumer,974.7819999999999,-184.97889999999998,96.15,79.45
RD-19930,Russell D'Ascenzo,Consumer,970.9420000000001,35.05740000000001,96.19,79.57
AB-10150,Aimee Bixby,Consumer,966.71,313.6597,96.24,79.7
RC-19825,Roy Collins,Consumer,966.409,63.991400000000006,96.28,79.82
SS-20875,Sung Shariari,Consumer,964.636,-75.586,96.32,79.95
JH-15910,Jonathan Howell,Consumer,959.477,-13.554499999999996,96.36,80.08
JF-15295,Jason Fortune-,Consumer,955.124,97.28899999999999,96.4,80.2
RP-19270,Rachel Payne,Corporate,954.6452,59.538399999999996,96.45,80.33
BS-11800,Bryan Spruell,Home Office,949.4300000000001,194.0516,96.49,80.45
RF-19840,Roy Französisch,Consumer,945.222,280.0261,96.53,80.58
EB-13930,Eric Barreto,Consumer,944.6000000000001,0.6042000000000058,96.57,80.71
MF-17665,Maureen Fritzler,Corporate,937.039,-341.52650000000006,96.61,80.83
EM-13960,Eric Murdock,Consumer,933.704,102.29599999999999,96.65,80.96
AC-10420,Alyssa Crouse,Corporate,925.8,-62.1342,96.69,81.08
EH-14185,Evan Henry,Consumer,923.884,242.1107,96.73,81.21
MO-17500,Mary O'Rourke,Consumer,922.487,59.357699999999994,96.77,81.34
AB-10255,Alejandro Ballentine,Home Office,914.5319999999999,264.5675,96.81,81.46
KB-16405,Katrina Bavinger,Home Office,908.821,274.297,96.85,81.59
CG-12040,Catherine Glotzbach,Home Office,904.4680000000001,86.5106,96.89,81.72
SC-20575,Sonia Cooley,Consumer,902.7280000000001,100.2253,96.93,81.84
JB-15925,Joni Blumstein,Consumer,900.552,-286.9808,96.97,81.97
HZ-14950,Henia Zydlo,Consumer,886.52,-130.3879,97.01,82.09
AB-10015,Aaron Bergman,Consumer,886.156,129.3465,97.05,82.22
RC-19960,Ryan Crowe,Consumer,885.752,10.563300000000002,97.08,82.35
CS-12130,Chad Sievert,Consumer,884.64,143.8339,97.12,82.47
HE-14800,Harold Engle,Corporate,883.5319999999999,274.4028,97.16,82.6
SK-19990,Sally Knutson,Consumer,883.409,168.7933,97.2,82.72
RE-19450,Richard Eichhorn,Consumer,876.696,209.2294,97.24,82.85
JM-15655,Jim Mitchum,Corporate,864.947,117.20400000000001,97.28,82.98
JR-15700,Jocasta Rupert,Consumer,863.88,107.985,97.31,83.1
AF-10885,Art Foster,Consumer,861.565,-163.1175,97.35,83.23
JC-16105,Julie Creighton,Corporate,858.576,201.5952,97.39,83.35
MS-17980,Michael Stewart,Corporate,855.116,55.226,97.42,83.48
VF-21715,Vicky Freymann,Home Office,847.944,-96.27799999999999,97.46,83.61
VG-21790,Vivek Gonzalez,Consumer,846.01,143.6268,97.5,83.73
CS-12175,Charles Sheldon,Corporate,844.4580000000001,113.1405,97.54,83.86
TB-21355,Todd Boyes,Corporate,834.328,268.967,97.57,83.98
AS-10630,Ann Steele,Home Office,833.398,136.49190000000002,97.61,84.11
EH-13990,Erica Hackney,Consumer,825.9499999999999,150.3759,97.64,84.24
TB-21190,Thomas Brumley,Home Office,816.1740000000001,179.0038,97.68,84.36
AM-10360,Alice McCarthy,Corporate,814.012,194.9878,97.71,84.49
BM-11575,Brendan Murry,Corporate,808.162,95.58160000000001,97.75,84.62
DK-13150,David Kendrick,Corporate,797.832,249.9447,97.78,84.74
MC-17635,Matthew Clasen,Corporate,795.154,-247.94350000000003,97.82,84.87
BF-11275,Beth Fritzler,Corporate,791.9899999999999,25.870199999999997,97.85,84.99
HG-14845,Harry Greene,Consumer,785.628,147.0032,97.89,85.12
MG-17890,Michael Granlund,Home Office,776.384,171.7372,97.92,85.25
MM-18280,Muhammed MacIntyre,Corporate,775.414,58.8916,97.96,85.37
SF-20065,Sandra Flanagan,Consumer,763.5459999999999,228.1623,97.99,85.5
SW-20755,Steven Ward,Corporate,758.6959999999999,68.2416,98.02,85.62
LP-17080,Liz Pelletier,Consumer,756.606,110.7813,98.05,85.75
Dl-13600,Dorris liebe,Corporate,755.602,175.2388,98.09,85.88
IG-15085,Ivan Gibson,Consumer,744.574,320.4982,98.12,86.0
BB-10990,Barry Blumstein,Corporate,744.3399999999999,11.583900000000007,98.15,86.13
TC-21535,Tracy Collins,Home Office,742.5580000000001,217.933,98.18,86.25
ML-18040,Michelle Lonsdale,Corporate,742.082,138.71620000000001,98.22,86.38
RH-19555,Ritsa Hightower,Consumer,740.382,0.30570000000000164,98.25,86.51
PB-18805,Patrick Bzostek,Home Office,740.356,229.2257,98.28,86.63
AH-10585,Angele Hood,Consumer,738.504,83.96300000000001,98.31,86.76
HM-14980,Henry MacAllister,Consumer,736.276,117.2755,98.35,86.89
PH-18790,Patricia Hirasaki,Home Office,729.648,47.8878,98.38,87.01
PA-19060,Pete Armstrong,Home Office,729.408,225.8588,98.41,87.14
JJ-15445,Jennifer Jackson,Consumer,709.178,200.5558,98.44,87.26
JD-16060,Julia Dunbar,Consumer,695.442,111.11410000000001,98.47,87.39
PB-19105,Peter Bühler,Consumer,688.324,218.15970000000002,98.5,87.52
EH-13945,Eric Hoffmann,Consumer,684.1709999999999,53.53980000000001,98.53,87.64
TR-21325,Toby Ritter,Consumer,675.9419999999999,220.36440000000002,98.56,87.77
AG-10330,Alex Grayson,Consumer,660.972,-5.137100000000006,98.59,87.89
BK-11260,Berenike Kampe,Consumer,659.1379999999999,-63.764399999999995,98.62,88.02
BD-11770,Bryan Davis,Consumer,658.466,141.265,98.65,88.15
AC-10660,Anna Chung,Consumer,657.316,-28.700399999999995,98.67,88.27
AW-10840,Anthony Witt,Consumer,649.376,65.77250000000001,98.7,88.4
LO-17170,Lori Olson,Corporate,644.35,150.1712,98.73,88.52
JB-16000,Joy Bell-,Consumer,644.1188,126.76490000000001,98.76,88.65
CD-11980,Carol Darley,Consumer,639.766,-206.7172,98.79,88.78
MR-17545,Mathew Reese,Home Office,639.178,162.9363,98.81,88.9
AJ-10960,Astrea Jones,Consumer,629.2479999999999,60.4265,98.84,89.03
RR-19315,Ralph Ritter,Consumer,615.932,-73.835,98.87,89.16
SS-20515,Shirley Schmidt,Home Office,613.4,199.93449999999999,98.9,89.28
BT-11440,Bobby Trafton,Consumer,603.876,-77.5256,98.92,89.41
BF-10975,Barbara Fisher,Corporate,599.798,227.4384,98.95,89.53
MZ-17335,Maria Zettner,Home Office,593.606,85.01910000000001,98.97,89.66
DL-13330,Denise Leinenbach,Consumer,585.02,222.6812,99.0,89.79
AS-10240,Alan Shonely,Consumer,584.6080000000001,33.715799999999994,99.02,89.91
BD-11635,Brian Derr,Consumer,582.646,141.53400000000002,99.05,90.04
NK-18490,Neil Knudson,Home Office,572.048,121.2177,99.07,90.16
CM-11935,Carlos Meador,Consumer,565.392,-43.732400000000005,99.1,90.29
CS-12460,Chuck Sachs,Consumer,550.644,156.2593,99.12,90.42
CS-11860,Cari Schnelling,Consumer,537.632,105.8275,99.15,90.54
JH-15820,John Huston,Consumer,528.91,26.082199999999997,99.17,90.67
RB-19570,Rob Beeghly,Consumer,528.546,76.8879,99.19,90.79
AY-10555,Andy Yotov,Corporate,497.014,103.3499,99.21,90.92
CR-12625,Corey Roper,Home Office,475.9,144.7594,99.24,91.05
MS-17530,MaryBeth Skach,Consumer,475.65599999999995,84.0268,99.26,91.17
JS-15940,Joni Sundaresam,Home Office,469.169,-327.9336,99.28,91.3
EC-14050,Erin Creighton,Consumer,461.914,96.4256,99.3,91.42
KM-16660,Khloe Miller,Consumer,453.538,91.1391,99.32,91.55
KW-16570,Kelly Williams,Consumer,449.096,107.92699999999999,99.34,91.68
TT-21265,Tim Taslimi,Corporate,439.5,93.9162,99.35,91.8
ST-20530,Shui Tom,Consumer,433.34000000000003,84.4419,99.37,91.93
VG-21805,Vivek Grady,Corporate,427.372,-52.333,99.39,92.06
SS-20590,Sonia Sunley,Consumer,418.49,135.5401,99.41,92.18
BT-11485,Brad Thomas,Home Office,415.19599999999997,126.8694,99.43,92.31
MH-17440,Mark Haberlin,Corporate,400.016,61.428599999999996,99.45,92.43
BW-11065,Barry Weirich,Consumer,385.516,-58.28659999999999,99.46,92.56
JD-16015,Joy Daniels,Consumer,385.43,26.7605,99.48,92.69
JK-15325,Jason Klamczynski,Corporate,383.812,55.32769999999999,99.5,92.81
VM-21835,Vivian Mathis,Consumer,380.69,116.6373,99.51,92.94
NF-18475,Neil Französisch,Home Office,377.16200000000003,85.92779999999999,99.53,93.06
MS-17830,Melanie Seite,Consumer,370.348,19.431199999999997,99.55,93.19
LS-17230,Lycoris Saunders,Consumer,368.88000000000005,39.1952,99.56,93.32
AG-10300,Aleksandra Gannaway,Corporate,367.548,59.288399999999996,99.58,93.44
EM-14200,Evan Minnotte,Home Office,366.822,21.7721,99.59,93.57
HJ-14875,Heather Jas,Home Office,358.1,98.6548,99.61,93.69
DW-13540,Don Weiss,Consumer,344.08,69.6672,99.62,93.82
LT-16765,Larry Tron,Consumer,329.876,59.036,99.64,93.95
BD-11560,Brendan Dodson,Home Office,320.54,116.714,99.65,94.07
LH-17020,Lisa Hazard,Consumer,318.239,-242.73989999999998,99.67,94.2
JH-15430,Jennifer Halladay,Consumer,309.281,-24.077100000000005,99.68,94.33
JM-15580,Jill Matthias,Consumer,303.948,113.1204,99.69,94.45
CM-12445,Chuck Magee,Consumer,287.99,64.4296,99.71,94.58
LH-16750,Larry Hughes,Consumer,287.426,12.627699999999999,99.72,94.7
SC-20845,Sung Chung,Consumer,280.632,31.1757,99.73,94.83
SC-20800,Stuart Calhoun,Consumer,279.25600000000003,51.8252,99.74,94.96
NB-18580,Nicole Brennan,Corporate,273.87199999999996,24.788800000000002,99.75,95.08
BF-11080,Bart Folk,Consumer,272.95,110.9272,99.77,95.21
DD-13570,Dorothy Dickinson,Consumer,269.542,36.4344,99.78,95.33
BN-11470,Brad Norvell,Corporate,265.296,36.6131,99.79,95.46
AR-10510,Andrew Roberts,Consumer,264.86400000000003,43.6695,99.8,95.59
HD-14785,Harold Dahlen,Home Office,251.36,-135.87599999999998,99.81,95.71
SM-20005,Sally Matthias,Consumer,244.49399999999997,-26.5927,99.82,95.84
PL-18925,Paul Lucas,Home Office,239.481,-0.7527000000000026,99.83,95.96
GP-14740,Guy Phonely,Corporate,236.53,31.837600000000002,99.84,96.09
EM-14065,Erin Mull,Consumer,228.99,40.15459999999999,99.85,96.22
GT-14755,Guy Thornton,Consumer,226.436,-6.139200000000002,99.86,96.34
RB-19645,Robert Barroso,Corporate,221.084,72.679,99.87,96.47
HH-15010,Hilary Holden,Corporate,218.668,86.7342,99.88,96.6
AG-10390,Allen Goldenen,Consumer,200.945,69.2784,99.89,96.72
JJ-15760,Joel Jenkins,Home Office,195.0,34.449200000000005,99.9,96.85
AG-10765,Anthony Garverick,Home Office,170.584,-8.431000000000001,99.91,96.97
ML-18265,Muhammed Lee,Consumer,162.232,42.6648,99.91,97.1
AO-10810,Anthony O'Donnell,Corporate,161.28,12.096,99.92,97.23
PT-19090,Pete Takahito,Consumer,160.572,-20.0508,99.93,97.35
DA-13450,Dianna Arnett,Home Office,156.76,56.7904,99.93,97.48
MO-17950,Michael Oakman,Consumer,154.288,-82.0074,99.94,97.6
GH-14665,Greg Hansen,Consumer,146.94080000000002,-5.810200000000001,99.95,97.73
PB-19210,Phillip Breyer,Corporate,132.738,21.897000000000002,99.95,97.86
BO-11425,Bobby Odegard,Consumer,130.83,59.4522,99.96,97.98
EL-13735,Ed Ludwig,Home Office,124.28,27.1154,99.96,98.11
CC-12550,Clay Cheatham,Consumer,113.832,33.870599999999996,99.97,98.23
RM-19750,Roland Murray,Consumer,98.35,28.6879,99.97,98.36
KS-16300,Karen Seio,Corporate,88.472,0.11099999999999888,99.98,98.49
AR-10570,Anemone Ratner,Consumer,88.15,32.633,99.98,98.61
FW-14395,Fred Wasserman,Corporate,79.75,23.491300000000003,99.99,98.74
JC-15340,Jasper Cacioppo,Consumer,71.263,-0.35560000000000036,99.99,98.87
AS-10135,Adrian Shami,Home Office,58.82,21.8496,99.99,98.99
LB-16735,Larry Blacks,Consumer,50.188,18.6507,99.99,99.12
RE-19405,Ricardo Emerson,Consumer,48.36,6.045,100.0,99.24
SG-20890,Susan Gilcrest,Corporate,47.946,-3.7073,100.0,99.37
RS-19870,Roy Skaria,Home Office,22.328,9.5838,100.0,99.5
MG-18205,Mitch Gastineau,Corporate,16.739,-1.2453,100.0,99.62
CJ-11875,Carl Jackson,Corporate,16.52,1.652,100.0,99.75
LD-16855,Lela Donovan,Corporate,5.304,0.4641,100.0,99.87
TS-21085,Thais Sissman,Consumer,4.833,-3.3156,100.0,100.0
