Customer ID,Customer Name,Segment,Total_Sales,Total_Profit,Total_Orders,Total_Quantity,Avg_Discount,Profit_Margin_%,Avg_Order_Value,Avg_Discount_%
AA-10315,Alex Avila,Consumer,5563.56,-362.8825,5,30,0.09090909090909091,-6.52,1112.71,9.09
AA-10375,Allen Armold,Consumer,1056.39,277.3824,9,41,0.08000000000000002,26.26,117.38,8.0
AA-10480,Andrew Allen,Consumer,1790.5120000000002,435.8274,4,36,0.016666666666666666,24.34,447.63,1.67
AA-10645,Anna Andreadi,Consumer,5086.9349999999995,857.8033,6,64,0.06388888888888888,16.86,847.82,6.39
AB-10015,Aaron Bergman,Consumer,886.156,129.3465,3,13,0.06666666666666667,14.6,295.39,6.67
AB-10060,Adam Bellavance,Home Office,7755.62,2054.5885,8,56,0.044444444444444446,26.49,969.45,4.44
AB-10105,Adrian Barton,Consumer,14473.570999999998,5444.8055,10,73,0.24,37.62,1447.36,24.0
AB-10150,Aimee Bixby,Consumer,966.71,313.6597,5,37,0.13333333333333333,32.45,193.34,13.33
AB-10165,Alan Barnes,Consumer,1113.838,220.813,8,48,0.13571428571428573,19.82,139.23,13.57
AB-10255,Alejandro Ballentine,Home Office,914.5319999999999,264.5675,9,39,0.1,28.93,101.61,10.0
AB-10600,Ann Blume,Corporate,1515.862,-274.9604,4,38,0.375,-18.14,378.97,37.5
AC-10420,Alyssa Crouse,Corporate,925.8,-62.1342,3,17,0.32,-6.71,308.6,32.0
AC-10450,Amy Cox,Consumer,5527.846,1366.0098,7,43,0.18888888888888888,24.71,789.69,18.89
AC-10615,Ann Chong,Corporate,2537.6859999999997,298.8273,5,59,0.1111111111111111,11.78,507.54,11.11
AC-10660,Anna Chung,Consumer,657.316,-28.700399999999995,5,16,0.18333333333333335,-4.37,131.46,18.33
AD-10180,Alan Dominguez,Home Office,6106.88,1869.9294,8,40,0.05833333333333333,30.62,763.36,5.83
AF-10870,Art Ferguson,Consumer,2052.908,317.9712,7,51,0.2,15.49,293.27,20.0
AF-10885,Art Foster,Consumer,861.565,-163.1175,4,37,0.2571428571428572,-18.93,215.39,25.71
AG-10270,Alejandro Grove,Consumer,2582.898,732.7399,5,58,0.014285714285714287,28.37,516.58,1.43
AG-10300,Aleksandra Gannaway,Corporate,367.548,59.288399999999996,4,16,0.08,16.13,91.89,8.0
AG-10330,Alex Grayson,Consumer,660.972,-5.137100000000006,5,47,0.23333333333333334,-0.78,132.19,23.33
AG-10390,Allen Goldenen,Consumer,200.945,69.2784,5,33,0.22499999999999998,34.48,40.19,22.5
AG-10495,Andrew Gjertsen,Corporate,2356.855,295.6668,8,93,0.20476190476190476,12.54,294.61,20.48
AG-10525,Andy Gerbode,Corporate,1455.038,-152.7613,4,33,0.15555555555555556,-10.5,363.76,15.56
AG-10675,Anna Gayman,Consumer,3489.0396000000005,-246.42570000000003,7,54,0.16133333333333333,-7.06,498.43,16.13
AG-10765,Anthony Garverick,Home Office,170.584,-8.431000000000001,4,20,0.45999999999999996,-4.94,42.65,46.0
AG-10900,Arthur Gainer,Consumer,4510.797,343.6824,10,92,0.16666666666666666,7.62,451.08,16.67
AH-10030,Aaron Hawkins,Corporate,1744.7,365.2152,7,54,0.09090909090909091,20.93,249.24,9.09
AH-10075,Adam Hart,Corporate,3250.337,281.189,10,75,0.135,8.65,325.03,13.5
AH-10120,Adrian Hane,Home Office,1735.5140000000001,-2.3145999999999773,7,65,0.23750000000000002,-0.13,247.93,23.75
AH-10195,Alan Haines,Corporate,1587.452,-378.5509,4,28,0.35,-23.85,396.86,35.0
AH-10210,Alan Hwang,Consumer,4805.344,1308.5546,9,53,0.09230769230769233,27.23,533.93,9.23
AH-10465,Amy Hunt,Consumer,2495.3916,-196.12009999999998,5,35,0.14,-7.86,499.08,14.0
AH-10585,Angele Hood,Consumer,738.504,83.96300000000001,4,17,0.12000000000000002,11.37,184.63,12.0
AH-10690,Anna Häberlin,Corporate,7888.294,1298.0166,12,102,0.21739130434782608,16.45,657.36,21.74
AI-10855,Arianne Irving,Consumer,4375.786,867.7271000000001,10,72,0.07222222222222223,19.83,437.58,7.22
AJ-10780,Anthony Jacobs,Corporate,4867.344,150.71300000000005,7,62,0.08666666666666667,3.1,695.33,8.67
AJ-10795,Anthony Johnson,Corporate,4501.391,1158.7064,7,88,0.08333333333333333,25.74,643.06,8.33
AJ-10945,Ashley Jarboe,Consumer,1839.24,521.1351999999999,7,40,0.04,28.33,262.75,4.0
AJ-10960,Astrea Jones,Consumer,629.2479999999999,60.4265,3,22,0.04,9.6,209.75,4.0
AM-10360,Alice McCarthy,Corporate,814.012,194.9878,5,48,0.125,23.95,162.8,12.5
AM-10705,Anne McFarland,Consumer,5664.022,1085.7326,8,81,0.06363636363636363,19.17,708.0,6.36
AO-10810,Anthony O'Donnell,Corporate,161.28,12.096,1,2,0.2,7.5,161.28,20.0
AP-10720,Anne Pryor,Home Office,1638.554,285.7888,8,85,0.1631578947368421,17.44,204.82,16.32
AP-10915,Arthur Prichep,Consumer,3323.556,579.3113,10,102,0.09354838709677421,17.43,332.36,9.35
AR-10345,Alex Russell,Corporate,1055.694,-221.0544,4,18,0.26,-20.94,263.92,26.0
AR-10405,Allen Rosenblatt,Corporate,2236.128,-98.7646,5,29,0.09999999999999999,-4.42,447.23,10.0
AR-10510,Andrew Roberts,Consumer,264.86400000000003,43.6695,5,33,0.21428571428571427,16.49,52.97,21.43
AR-10540,Andy Reiter,Consumer,6608.448,2884.6208,6,33,0.06666666666666668,43.65,1101.41,6.67
AR-10570,Anemone Ratner,Consumer,88.15,32.633,1,6,0.0,37.02,88.15,0.0
AR-10825,Anthony Rawles,Corporate,4523.336,494.83519999999993,8,54,0.07692307692307693,10.94,565.42,7.69
AS-10045,Aaron Smayling,Corporate,3050.692,-253.57459999999998,7,48,0.355,-8.31,435.81,35.5
AS-10090,Adam Shillingsburg,Consumer,3255.31,64.53739999999998,9,81,0.18,1.98,361.7,18.0
AS-10135,Adrian Shami,Home Office,58.82,21.8496,2,9,0.06666666666666667,37.15,29.41,6.67
AS-10225,Alan Schoenberger,Corporate,4260.784,719.7751000000001,5,41,0.06153846153846154,16.89,852.16,6.15
AS-10240,Alan Shonely,Consumer,584.6080000000001,33.715799999999994,7,39,0.2692307692307692,5.77,83.52,26.92
AS-10285,Alejandro Savely,Corporate,3214.236,354.62760000000003,6,39,0.225,11.03,535.71,22.5
AS-10630,Ann Steele,Home Office,833.398,136.49190000000002,7,34,0.18333333333333335,16.38,119.06,18.33
AT-10435,Alyssa Tate,Home Office,1171.814,100.87680000000002,6,28,0.19999999999999998,8.61,195.3,20.0
AT-10735,Annie Thurman,Consumer,3831.864,974.107,10,60,0.08750000000000001,25.42,383.19,8.75
AW-10840,Anthony Witt,Consumer,649.376,65.77250000000001,4,24,0.2,10.13,162.34,20.0
AW-10930,Arthur Wiediger,Home Office,2852.968,-104.5486,7,68,0.30625,-3.66,407.57,30.63
AY-10555,Andy Yotov,Corporate,497.014,103.3499,4,34,0.1,20.79,124.25,10.0
AZ-10750,Annie Zypern,Consumer,1622.0179999999998,154.9503,6,40,0.125,9.55,270.34,12.5
BB-10990,Barry Blumstein,Corporate,744.3399999999999,11.583900000000007,5,26,0.2,1.56,148.87,20.0
BB-11545,Brenda Bowman,Corporate,6765.728,1015.0749999999999,9,83,0.195,15.0,751.75,19.5
BC-11125,Becky Castell,Home Office,2933.676,251.5974,9,60,0.1111111111111111,8.58,325.96,11.11
BD-11320,Bill Donatelli,Consumer,5718.521,1094.5037,12,75,0.07894736842105263,19.14,476.54,7.89
BD-11500,Bradley Drucker,Consumer,4411.2429999999995,1142.1225,6,49,0.135,25.89,735.21,13.5
BD-11560,Brendan Dodson,Home Office,320.54,116.714,2,11,0.0,36.41,160.27,0.0
BD-11605,Brian Dahlen,Consumer,3288.471,634.8463,7,74,0.0725,19.31,469.78,7.25
BD-11620,Brian DeCherney,Consumer,1538.11,206.75689999999997,6,27,0.17500000000000002,13.44,256.35,17.5
BD-11635,Brian Derr,Consumer,582.646,141.53400000000002,3,19,0.1,24.29,194.22,10.0
BD-11725,Bruce Degenhardt,Consumer,1526.5,333.9791,6,29,0.02,21.88,254.42,2.0
BD-11770,Bryan Davis,Consumer,658.466,141.265,6,21,0.12000000000000002,21.45,109.74,12.0
BE-11335,Bill Eplett,Home Office,4204.676,1487.7739000000001,5,35,0.022222222222222223,35.38,840.94,2.22
BE-11410,Bobby Elias,Consumer,2261.438,755.9150999999999,5,19,0.16,33.43,452.29,16.0
BE-11455,Brad Eason,Home Office,1727.652,139.20080000000002,6,40,0.14615384615384613,8.06,287.94,14.62
BF-10975,Barbara Fisher,Corporate,599.798,227.4384,7,38,0.14615384615384613,37.92,85.69,14.62
BF-11005,Barry Franz,Home Office,1333.88,-291.38109999999995,4,26,0.18,-21.84,333.47,18.0
BF-11020,Barry Französisch,Corporate,2888.506,302.02,8,78,0.2571428571428572,10.46,361.06,25.71
BF-11080,Bart Folk,Consumer,272.95,110.9272,3,29,0.0,40.64,90.98,0.0
BF-11170,Ben Ferrer,Home Office,5907.972,1538.2127,11,102,0.12222222222222222,26.04,537.09,12.22
BF-11215,Benjamin Farhat,Home Office,1585.162,523.2133,4,48,0.05,33.01,396.29,5.0
BF-11275,Beth Fritzler,Corporate,791.9899999999999,25.870199999999997,3,11,0.15000000000000002,3.27,264.0,15.0
BG-11035,Barry Gonzalez,Consumer,2798.948,-711.4274,8,35,0.19166666666666665,-25.42,349.87,19.17
BG-11695,Brooke Gillingham,Corporate,1874.172,107.5715,6,24,0.1375,5.74,312.36,13.75
BG-11740,Bruce Geld,Consumer,1006.356,119.34790000000001,6,22,0.14285714285714285,11.86,167.73,14.29
BH-11710,Brosina Hoffman,Consumer,6255.351,802.7898,8,97,0.18333333333333335,12.83,781.92,18.33
BK-11260,Berenike Kampe,Consumer,659.1379999999999,-63.764399999999995,6,58,0.20625000000000002,-9.67,109.86,20.62
BM-11140,Becky Martin,Consumer,11789.63,-1659.9580999999998,4,64,0.16875,-14.08,2947.41,16.88
BM-11575,Brendan Murry,Corporate,808.162,95.58160000000001,6,22,0.18,11.83,134.69,18.0
BM-11650,Brian Moss,Corporate,7294.185,2199.2781,11,95,0.08448275862068966,30.15,663.11,8.45
BM-11785,Bryan Mills,Consumer,1338.842,137.7439,10,44,0.25,10.29,133.88,25.0
BN-11470,Brad Norvell,Corporate,265.296,36.6131,4,15,0.16666666666666666,13.8,66.32,16.67
BN-11515,Bradley Nguyen,Consumer,1459.344,340.7054,5,79,0.023529411764705882,23.35,291.87,2.35
BO-11350,Bill Overfelt,Corporate,2682.728,278.77700000000004,5,43,0.2333333333333333,10.39,536.55,23.33
BO-11425,Bobby Odegard,Consumer,130.83,59.4522,2,7,0.0,45.44,65.42,0.0
BP-11050,Barry Pond,Corporate,983.42,209.78300000000002,5,30,0.14285714285714285,21.33,196.68,14.29
BP-11095,Bart Pistole,Corporate,2442.044,433.9751,12,70,0.165,17.77,203.5,16.5
BP-11155,Becky Pak,Consumer,1697.8609999999999,647.3847000000001,6,32,0.0818181818181818,38.13,282.98,8.18
BP-11185,Ben Peterman,Corporate,3675.861,363.5991,9,69,0.19444444444444445,9.89,408.43,19.44
BP-11230,Benjamin Patterson,Consumer,1181.49,-197.2695,5,14,0.06666666666666667,-16.7,236.3,6.67
BP-11290,Beth Paige,Consumer,2475.157,-319.0637,7,51,0.3,-12.89,353.59,30.0
BS-11365,Bill Shonely,Corporate,10501.653,2616.0643999999998,5,39,0.011111111111111112,24.91,2100.33,1.11
BS-11380,Bill Stewart,Corporate,3887.834,-17.532200000000024,5,58,0.27692307692307694,-0.45,777.57,27.69
BS-11590,Brendan Sweed,Corporate,2454.928,381.7807,6,41,0.3,15.55,409.15,30.0
BS-11665,Brian Stugart,Consumer,3288.1099999999997,238.73680000000002,3,47,0.18181818181818182,7.26,1096.04,18.18
BS-11755,Bruce Stewart,Consumer,2562.382,-113.29840000000003,7,45,0.13214285714285715,-4.42,366.05,13.21
BS-11800,Bryan Spruell,Home Office,949.4300000000001,194.0516,2,22,0.0,20.44,474.72,0.0
BT-11305,Beth Thompson,Home Office,2567.656,417.5918,5,33,0.044444444444444446,16.26,513.53,4.44
BT-11395,Bill Tyler,Corporate,2186.6130000000003,257.9163,6,38,0.15,11.8,364.44,15.0
BT-11440,Bobby Trafton,Consumer,603.876,-77.5256,4,16,0.15714285714285717,-12.84,150.97,15.71
BT-11485,Brad Thomas,Home Office,415.19599999999997,126.8694,2,11,0.06666666666666667,30.56,207.6,6.67
BT-11530,Bradley Talbott,Home Office,2684.4919999999997,409.4983,5,44,0.1,15.25,536.9,10.0
BT-11680,Brian Thompson,Consumer,3196.752,447.74839999999995,7,88,0.07,14.01,456.68,7.0
BV-11245,Benjamin Venier,Corporate,1523.2730000000001,315.2214,5,49,0.09285714285714285,20.69,304.65,9.29
BW-11065,Barry Weirich,Consumer,385.516,-58.28659999999999,3,8,0.13333333333333333,-15.12,128.51,13.33
BW-11110,Bart Watters,Corporate,4750.358,921.2574,8,74,0.1411764705882353,19.39,593.79,14.12
BW-11200,Ben Wallace,Consumer,1738.406,246.9973,6,49,0.15,14.21,289.73,15.0
CA-11965,Carol Adams,Corporate,3789.7228,1143.3817,6,29,0.11200000000000002,30.17,631.62,11.2
CA-12055,Cathy Armstrong,Home Office,1679.7240000000002,211.2559,5,49,0.3,12.58,335.94,30.0
CA-12265,Christina Anderson,Consumer,2648.2872,279.6183,9,65,0.18941176470588236,10.56,294.25,18.94
CA-12310,Christine Abelman,Corporate,1421.954,246.02179999999998,4,25,0.11818181818181818,17.3,355.49,11.82
CA-12775,Cynthia Arntzen,Consumer,3041.566,204.48950000000002,7,72,0.18823529411764706,6.72,434.51,18.82
CB-12025,Cassandra Brandow,Consumer,6076.139,150.2089,10,122,0.16346153846153846,2.47,607.61,16.35
CB-12415,Christy Brittain,Consumer,1949.2,272.3883,8,44,0.3333333333333333,13.97,243.65,33.33
CB-12535,Claudia Bergmann,Corporate,4246.4555,1049.5601,8,74,0.05,24.72,530.81,5.0
CC-12100,Chad Cunningham,Home Office,1770.945,208.5912,6,46,0.21538461538461537,11.78,295.16,21.54
CC-12145,Charles Crestani,Consumer,2471.65,392.2825,7,31,0.08181818181818182,15.87,353.09,8.18
CC-12220,Chris Cortes,Consumer,3913.418,393.9618,12,81,0.11818181818181818,10.07,326.12,11.82
CC-12370,Christopher Conant,Consumer,12129.072000000002,2177.0493,5,34,0.2818181818181818,17.95,2425.81,28.18
CC-12430,Chuck Clark,Home Office,2870.05,424.6583,10,63,0.05789473684210527,14.8,287.0,5.79
CC-12475,Cindy Chapman,Consumer,1659.438,154.851,9,40,0.16153846153846155,9.33,184.38,16.15
CC-12550,Clay Cheatham,Consumer,113.832,33.870599999999996,3,14,0.15000000000000002,29.75,37.94,15.0
CC-12610,Corey Catlett,Corporate,2540.631,331.434,7,39,0.27499999999999997,13.05,362.95,27.5
CC-12670,Craig Carreira,Consumer,2269.7015,187.8399,7,47,0.16785714285714287,8.28,324.24,16.79
CC-12685,Craig Carroll,Consumer,2854.1150000000002,850.1591,4,51,0.25,29.79,713.53,25.0
CD-11920,Carlos Daly,Consumer,2033.968,426.661,5,35,0.044444444444444446,20.98,406.79,4.44
CD-11980,Carol Darley,Consumer,639.766,-206.7172,3,22,0.43333333333333335,-32.31,213.26,43.33
CD-12280,Christina DeMoss,Consumer,1205.584,233.0274,2,39,0.08461538461538462,19.33,602.79,8.46
CD-12790,Cynthia Delaney,Home Office,1860.732,403.8422,5,49,0.02666666666666667,21.7,372.15,2.67
CG-12040,Catherine Glotzbach,Home Office,904.4680000000001,86.5106,6,37,0.18888888888888888,9.56,150.74,18.89
CG-12520,Claire Gute,Consumer,1148.7800000000002,169.93439999999998,3,14,0.2,14.79,382.93,20.0
CH-12070,Cathy Hwang,Home Office,1537.236,195.15109999999999,3,13,0.15000000000000002,12.69,512.41,15.0
CJ-11875,Carl Jackson,Corporate,16.52,1.652,1,5,0.2,10.0,16.52,20.0
CJ-12010,Caroline Jumper,Consumer,11164.974,858.7414,8,83,0.1885,7.69,1395.62,18.85
CK-12205,Chloris Kastensmidt,Consumer,3154.855,141.2831,13,122,0.234375,4.48,242.68,23.44
CK-12325,Christine Kargatis,Home Office,2945.321,261.22090000000003,5,46,0.18333333333333335,8.87,589.06,18.33
CK-12595,Clytie Kelty,Consumer,2372.75,497.70980000000003,11,108,0.184,20.98,215.7,18.4
CK-12760,Cyma Kinney,Corporate,1582.109,-338.4311,9,64,0.15,-21.39,175.79,15.0
CL-11890,Carl Ludwig,Consumer,1262.0140000000001,328.0847,4,24,0.05714285714285715,26.0,315.5,5.71
CL-12565,Clay Ludtke,Consumer,10880.546,1933.7830999999999,12,106,0.1142857142857143,17.77,906.71,11.43
CL-12700,Craig Leslie,Home Office,2353.586,229.00990000000002,5,34,0.1875,9.73,470.72,18.75
CM-11815,Candace McMahon,Corporate,1673.888,214.463,6,38,0.12000000000000002,12.81,278.98,12.0
CM-11935,Carlos Meador,Consumer,565.392,-43.732400000000005,2,18,0.2,-7.73,282.7,20.0
CM-12115,Chad McGuire,Consumer,1661.6100000000001,409.0679,4,35,0.028571428571428574,24.62,415.4,2.86
CM-12160,Charles McCrossin,Consumer,2533.314,-394.3686,6,23,0.24285714285714285,-15.57,422.22,24.29
CM-12190,Charlotte Melton,Consumer,1475.144,91.2033,6,21,0.07142857142857142,6.18,245.86,7.14
CM-12235,Chris McAfee,Consumer,2305.712,365.0387,5,28,0.07500000000000001,15.83,461.14,7.5
CM-12385,Christopher Martinez,Consumer,8954.019999999999,3899.8903999999998,4,34,0.12,43.55,2238.5,12.0
CM-12445,Chuck Magee,Consumer,287.99,64.4296,3,32,0.07777777777777778,22.37,96.0,7.78
CM-12655,Corinna Mitchell,Home Office,6339.5576,1572.4585,6,42,0.072,24.8,1056.59,7.2
CM-12715,Craig Molinari,Corporate,3984.4524,176.3108,4,57,0.30923076923076925,4.42,996.11,30.92
CP-12085,Cathy Prescott,Corporate,5402.254,427.0258,8,57,0.14285714285714285,7.9,675.28,14.29
CP-12340,Christine Phan,Corporate,5888.275,-1850.3029000000001,8,59,0.21333333333333335,-31.42,736.03,21.33
CR-12580,Clay Rozendal,Home Office,2148.852,74.40129999999999,4,32,0.13333333333333333,3.46,537.21,13.33
CR-12625,Corey Roper,Home Office,475.9,144.7594,3,14,0.0,30.42,158.63,0.0
CR-12730,Craig Reiter,Consumer,1600.55,306.9176,4,18,0.26666666666666666,19.18,400.14,26.67
CR-12820,Cyra Reiten,Home Office,1397.8724,83.27029999999999,3,26,0.13142857142857142,5.96,465.96,13.14
CS-11845,Cari Sayre,Corporate,1278.954,185.3776,5,22,0.275,14.49,255.79,27.5
CS-11860,Cari Schnelling,Consumer,537.632,105.8275,6,16,0.2285714285714286,19.68,89.61,22.86
CS-11950,Carlos Soltero,Consumer,3036.547,-126.4223,11,68,0.2636363636363636,-4.16,276.05,26.36
CS-12130,Chad Sievert,Consumer,884.64,143.8339,4,28,0.1142857142857143,16.26,221.16,11.43
CS-12175,Charles Sheldon,Corporate,844.4580000000001,113.1405,5,30,0.1625,13.4,168.89,16.25
CS-12250,Chris Selesnick,Corporate,2754.216,738.3626,12,97,0.05714285714285715,26.81,229.52,5.71
CS-12355,Christine Sundaresam,Consumer,3202.1620000000003,831.9432,11,74,0.08181818181818182,25.98,291.11,8.18
CS-12400,Christopher Schild,Home Office,3651.8585000000003,-342.80330000000004,9,47,0.21428571428571427,-9.39,405.76,21.43
CS-12460,Chuck Sachs,Consumer,550.644,156.2593,2,13,0.06666666666666667,28.38,275.32,6.67
CS-12490,Cindy Schnelling,Corporate,1077.2285,-302.8761,4,33,0.25,-28.12,269.31,25.0
CS-12505,Cindy Stewart,Consumer,5690.054999999999,-6626.389499999999,6,40,0.19999999999999998,-116.46,948.34,20.0
CT-11995,Carol Triggs,Consumer,3241.898,161.22629999999995,8,60,0.16111111111111112,4.97,405.24,16.11
CV-12295,Christina VanderZanden,Consumer,2830.6279999999997,493.0861,5,54,0.07692307692307693,17.42,566.13,7.69
CV-12805,Cynthia Voltz,Corporate,2370.3136,98.99749999999999,9,62,0.2431578947368421,4.18,263.37,24.32
CW-11905,Carl Weiss,Home Office,1136.592,370.8298,6,40,0.09090909090909091,32.63,189.43,9.09
CY-12745,Craig Yedwab,Corporate,2900.026,60.64670000000001,8,43,0.2,2.09,362.5,20.0
Co-12640,Corey-Lock,Consumer,1300.076,205.62820000000002,5,30,0.175,15.82,260.02,17.5
DA-13450,Dianna Arnett,Home Office,156.76,56.7904,4,27,0.125,36.23,39.19,12.5
DB-12910,Daniel Byrd,Home Office,2171.599,431.3748,8,47,0.15416666666666667,19.86,271.45,15.42
DB-12970,Darren Budd,Corporate,2839.2272,213.00289999999998,5,43,0.16571428571428573,7.5,567.85,16.57
DB-13060,Dave Brooks,Consumer,4531.646,473.0272,7,48,0.1846153846153846,10.44,647.38,18.46
DB-13120,David Bremer,Corporate,2973.094,-1421.7692,7,59,0.14285714285714285,-47.82,424.73,14.29
DB-13210,Dean Braden,Consumer,2332.577,169.9679,10,75,0.18571428571428572,7.29,233.26,18.57
DB-13270,Deborah Brumfield,Home Office,4655.897,841.8263999999999,8,52,0.2076923076923077,18.08,581.99,20.77
DB-13360,Dennis Bolton,Home Office,1081.466,291.0085,5,28,0.08333333333333333,26.91,216.29,8.33
DB-13405,Denny Blanton,Consumer,1711.692,438.9092,4,62,0.028571428571428574,25.64,427.92,2.86
DB-13555,Dorothy Badders,Corporate,3908.8028,109.32700000000001,7,61,0.15142857142857144,2.8,558.4,15.14
DB-13615,Doug Bickford,Consumer,1989.05,438.80119999999994,7,41,0.14545454545454548,22.06,284.15,14.55
DB-13660,Duane Benoit,Consumer,1155.202,177.67350000000002,7,33,0.16,15.38,165.03,16.0
DC-12850,Dan Campbell,Consumer,3336.168,-1441.6312999999998,9,64,0.21111111111111114,-43.21,370.69,21.11
DC-13285,Debra Catini,Consumer,1174.618,132.06820000000002,5,37,0.07857142857142858,11.24,234.92,7.86
DD-13570,Dorothy Dickinson,Consumer,269.542,36.4344,6,33,0.24444444444444446,13.52,44.92,24.44
DE-13255,Deanra Eno,Home Office,2550.874,464.47139999999996,5,38,0.1111111111111111,18.21,510.17,11.11
DF-13135,David Flashing,Consumer,2390.534,-259.3097,3,23,0.2833333333333334,-10.85,796.84,28.33
DG-13300,Deirdre Greer,Corporate,3195.818,562.7761,5,39,0.1,17.61,639.16,10.0
DH-13075,Dave Hallsten,Corporate,4932.872,1193.7404,6,81,0.0782608695652174,24.2,822.15,7.83
DH-13675,Duane Huffman,Home Office,1043.096,116.667,4,41,0.12272727272727274,11.18,260.77,12.27
DJ-13420,Denny Joy,Corporate,2012.52,483.03499999999997,4,20,0.0,24.0,503.13,0.0
DJ-13510,Don Jones,Corporate,2501.6879999999996,345.2521,8,52,0.06923076923076923,13.8,312.71,6.92
DJ-13630,Doug Jacobs,Consumer,3356.398,731.5644,3,43,0.0625,21.8,1118.8,6.25
DK-12835,Damala Kotsonis,Corporate,3256.48,881.1228000000001,12,86,0.17777777777777778,27.06,271.37,17.78
DK-12895,Dana Kaydos,Consumer,4282.176,937.6496,5,65,0.08000000000000002,21.9,856.44,8.0
DK-12985,Darren Koutras,Consumer,1687.04,-107.35379999999998,5,32,0.1625,-6.36,337.41,16.25
DK-13090,Dave Kipp,Consumer,2650.557,536.3935,7,33,0.13846153846153847,20.24,378.65,13.85
DK-13150,David Kendrick,Corporate,797.832,249.9447,2,20,0.12000000000000002,31.33,398.92,12.0
DK-13225,Dean Katz,Corporate,4802.394,209.89940000000004,9,70,0.19473684210526318,4.37,533.6,19.47
DK-13375,Dennis Kane,Consumer,3318.486,377.0799,8,77,0.10869565217391304,11.36,414.81,10.87
DL-12865,Dan Lawera,Consumer,1503.112,322.2449,8,51,0.15,21.44,187.89,15.0
DL-12925,Daniel Lacy,Consumer,3272.2,4.213200000000029,6,43,0.03571428571428571,0.13,545.37,3.57
DL-13315,Delfina Latchford,Consumer,1458.258,288.8732,8,74,0.1823529411764706,19.81,182.28,18.24
DL-13330,Denise Leinenbach,Consumer,585.02,222.6812,4,32,0.05,38.06,146.26,5.0
DL-13495,Dionis Lloyd,Corporate,3539.322,-52.78799999999997,8,33,0.05000000000000001,-1.49,442.42,5.0
DM-12955,Dario Medina,Corporate,1322.034,108.7583,7,28,0.16666666666666666,8.23,188.86,16.67
DM-13015,Darrin Martin,Consumer,6345.103,1677.3931,7,87,0.22999999999999998,26.44,906.44,23.0
DM-13345,Denise Monton,Corporate,4074.4719999999998,1319.0586,8,41,0.1,32.37,509.31,10.0
DM-13525,Don Miller,Corporate,1376.792,199.7688,3,33,0.16999999999999998,14.51,458.93,17.0
DN-13690,Duane Noonan,Consumer,2139.79,540.5405000000001,7,41,0.018181818181818184,25.26,305.68,1.82
DO-13435,Denny Ordway,Consumer,1300.0315,-38.90860000000001,9,48,0.15769230769230771,-2.99,144.45,15.77
DO-13645,Doug O'Connell,Consumer,1267.316,294.0676,7,36,0.09090909090909091,23.2,181.05,9.09
DP-13000,Darren Powers,Consumer,1050.636,241.4524,9,58,0.2117647058823529,22.98,116.74,21.18
DP-13105,Dave Poirier,Corporate,2215.002,563.1761,8,63,0.1142857142857143,25.43,276.88,11.43
DP-13165,David Philippe,Consumer,1058.616,-40.93759999999999,2,20,0.15000000000000002,-3.87,529.31,15.0
DP-13390,Dennis Pardue,Home Office,5480.723999999999,1571.8318,9,50,0.18571428571428572,28.68,608.97,18.57
DR-12880,Dan Reichenbach,Corporate,6528.034000000001,1641.8613,9,103,0.13333333333333333,25.15,725.34,13.33
DR-12940,Daniel Raglin,Home Office,8350.868,2869.0759999999996,8,57,0.15384615384615383,34.36,1043.86,15.38
DS-13030,Darrin Sayre,Home Office,1762.213,193.3319,4,54,0.1394736842105263,10.97,440.55,13.95
DS-13180,David Smith,Corporate,2881.8128,163.6993,9,68,0.15350000000000003,5.68,320.2,15.35
DV-13045,Darrin Van Huff,Corporate,1119.483,-427.184,5,28,0.17222222222222222,-38.16,223.9,17.22
DV-13465,Dianna Vittorini,Consumer,3341.587,353.2127,6,62,0.11333333333333334,10.57,556.93,11.33
DW-13195,David Wiener,Corporate,1080.751,-86.87379999999999,6,39,0.24444444444444446,-8.04,180.13,24.44
DW-13480,Dianna Wilson,Home Office,5271.628,1348.7556,5,38,0.03636363636363637,25.59,1054.33,3.64
DW-13540,Don Weiss,Consumer,344.08,69.6672,5,21,0.17777777777777778,20.25,68.82,17.78
DW-13585,Dorothy Wardle,Corporate,1204.854,-266.8966,7,44,0.17,-22.15,172.12,17.0
Dl-13600,Dorris liebe,Corporate,755.602,175.2388,5,19,0.21666666666666667,23.19,151.12,21.67
Dp-13240,Dean percer,Home Office,7198.7609999999995,333.36479999999995,11,99,0.18620689655172415,4.63,654.43,18.62
EA-14035,Erin Ashbrook,Corporate,2846.705,-52.74059999999998,13,87,0.3,-1.85,218.98,30.0
EB-13705,Ed Braxton,Corporate,3644.978,13.621500000000005,9,55,0.25833333333333336,0.37,405.0,25.83
EB-13750,Edward Becker,Corporate,3236.314,-80.28599999999999,10,91,0.145,-2.48,323.63,14.5
EB-13840,Ellis Ballard,Corporate,4358.128,656.1988,5,41,0.125,15.06,871.63,12.5
EB-13870,Emily Burns,Consumer,2767.219,261.5315,10,41,0.29090909090909095,9.45,276.72,29.09
EB-13930,Eric Barreto,Consumer,944.6000000000001,0.6042000000000058,5,24,0.17142857142857143,0.06,188.92,17.14
EB-13975,Erica Bern,Corporate,1643.255,162.8781,4,18,0.2833333333333333,9.91,410.81,28.33
EB-14110,Eugene Barchas,Consumer,3071.126,184.7656,6,30,0.2090909090909091,6.02,511.85,20.91
EB-14170,Evan Bailliet,Consumer,1186.326,282.1701,6,20,0.2285714285714286,23.79,197.72,22.86
EC-14050,Erin Creighton,Consumer,461.914,96.4256,5,37,0.09999999999999999,20.88,92.38,10.0
ED-13885,Emily Ducich,Home Office,3484.92,670.4435000000001,8,54,0.21428571428571427,19.24,435.62,21.43
EG-13900,Emily Grady,Consumer,1832.02,104.2656,5,44,0.2,5.69,366.4,20.0
EH-13765,Edward Hooks,Corporate,10310.880000000001,1393.5154,12,120,0.07187500000000001,13.51,859.24,7.19
EH-13945,Eric Hoffmann,Consumer,684.1709999999999,53.53980000000001,8,72,0.29411764705882354,7.83,85.52,29.41
EH-13990,Erica Hackney,Consumer,825.9499999999999,150.3759,6,20,0.0625,18.21,137.66,6.25
EH-14005,Erica Hernandez,Home Office,1219.53,-94.14079999999997,7,50,0.17272727272727273,-7.72,174.22,17.27
EH-14125,Eugene Hildebrand,Home Office,3082.653,96.27019999999999,10,76,0.20555555555555557,3.12,308.27,20.56
EH-14185,Evan Henry,Consumer,923.884,242.1107,6,22,0.28750000000000003,26.21,153.98,28.75
EJ-13720,Ed Jacobs,Consumer,2162.174,387.0176,4,31,0.175,17.9,540.54,17.5
EJ-14155,Eva Jacobs,Consumer,2656.691,451.87550000000005,5,31,0.0625,17.01,531.34,6.25
EK-13795,Eileen Kiefer,Home Office,1303.478,97.10659999999999,4,18,0.0875,7.45,325.87,8.75
EL-13735,Ed Ludwig,Home Office,124.28,27.1154,2,9,0.0,21.82,62.14,0.0
EM-13810,Eleni McCrary,Corporate,2567.0099999999998,-133.8275,5,23,0.14285714285714285,-5.21,513.4,14.29
EM-13825,Elizabeth Moffitt,Corporate,2339.598,682.5541999999999,8,57,0.0625,29.17,292.45,6.25
EM-13960,Eric Murdock,Consumer,933.704,102.29599999999999,5,18,0.2333333333333333,10.96,186.74,23.33
EM-14065,Erin Mull,Consumer,228.99,40.15459999999999,4,22,0.25,17.54,57.25,25.0
EM-14095,Eudokia Martin,Corporate,1041.0420000000001,240.2362,4,34,0.1,23.08,260.26,10.0
EM-14140,Eugene Moren,Home Office,4588.436000000001,1319.3655,6,74,0.06666666666666668,28.75,764.74,6.67
EM-14200,Evan Minnotte,Home Office,366.822,21.7721,3,13,0.125,5.94,122.27,12.5
EN-13780,Edward Nazzal,Consumer,2199.366,496.1131,4,27,0.044444444444444446,22.56,549.84,4.44
EP-13915,Emily Phan,Consumer,5478.0608,144.9578,17,124,0.19741935483870968,2.65,322.24,19.74
ER-13855,Elpida Rittenbach,Corporate,1245.788,-295.7398,3,27,0.2,-23.74,415.26,20.0
ES-14020,Erica Smith,Consumer,3510.4579999999996,1003.2935,5,31,0.125,28.58,702.09,12.5
ES-14080,Erin Smith,Corporate,4657.924,246.6661,9,77,0.26,5.3,517.55,26.0
FA-14230,Frank Atkinson,Corporate,2984.054,520.5229,7,58,0.25882352941176473,17.44,426.29,25.88
FC-14245,Frank Carlisle,Home Office,3418.742,1217.1662000000001,7,50,0.1357142857142857,35.6,488.39,13.57
FC-14335,Fred Chung,Corporate,3889.366,714.2926,7,37,0.16,18.37,555.62,16.0
FG-14260,Frank Gastineau,Home Office,1383.144,394.73969999999997,7,48,0.11818181818181818,28.54,197.59,11.82
FH-14275,Frank Hawley,Corporate,4256.272,1073.2676,10,65,0.1285714285714286,25.22,425.63,12.86
FH-14350,Fred Harton,Consumer,2271.284,706.289,4,52,0.10714285714285714,31.1,567.82,10.71
FH-14365,Fred Hopkins,Corporate,6987.196,2050.2826,8,52,0.13846153846153847,29.34,873.4,13.85
FM-14215,Filia McAdams,Corporate,2456.638,249.6808,10,48,0.09333333333333334,10.16,245.66,9.33
FM-14290,Frank Merwin,Home Office,3736.198,198.10949999999997,9,79,0.18,5.3,415.13,18.0
FM-14380,Fred McMath,Consumer,2523.266,191.4898,9,53,0.15714285714285717,7.59,280.36,15.71
FO-14305,Frank Olsen,Consumer,2678.438,215.59689999999998,10,60,0.22,8.05,267.84,22.0
FP-14320,Frank Preis,Consumer,4046.746,406.44730000000004,8,54,0.13571428571428573,10.04,505.84,13.57
FW-14395,Fred Wasserman,Corporate,79.75,23.491300000000003,3,9,0.0,29.46,26.58,0.0
GA-14515,George Ashbrook,Consumer,3919.7760000000003,840.899,8,48,0.0642857142857143,21.45,489.97,6.43
GA-14725,Guy Armstrong,Consumer,1398.382,136.70790000000002,11,79,0.17954545454545456,9.78,127.13,17.95
GB-14530,George Bell,Corporate,1568.44,7.837100000000003,11,62,0.16999999999999998,0.5,142.59,17.0
GB-14575,Giulietta Baptist,Consumer,4716.288,1135.8393,5,63,0.037500000000000006,24.08,943.26,3.75
GD-14590,Giulietta Dortch,Corporate,1888.07,230.93729999999996,4,25,0.13333333333333333,12.23,472.02,13.33
GG-14650,Greg Guthrie,Corporate,2224.0,12.698500000000008,9,92,0.15,0.57,247.11,15.0
GH-14410,Gary Hansen,Home Office,2819.4669999999996,-576.8335,9,65,0.27058823529411763,-20.46,313.27,27.06
GH-14425,Gary Hwang,Consumer,4172.8460000000005,1176.4181,4,51,0.19,28.19,1043.21,19.0
GH-14485,Gene Hale,Corporate,1361.2440000000001,-95.4498,2,15,0.4666666666666666,-7.01,680.62,46.67
GH-14665,Greg Hansen,Consumer,146.94080000000002,-5.810200000000001,2,9,0.24,-3.95,73.47,24.0
GK-14620,Grace Kelly,Corporate,6497.27,1448.5525,9,66,0.15714285714285717,22.29,721.92,15.71
GM-14440,Gary McGarr,Consumer,3582.8199999999997,347.266,7,43,0.11818181818181818,9.69,511.83,11.82
GM-14455,Gary Mitchum,Home Office,3078.624,793.2814000000001,6,54,0.16666666666666666,25.77,513.1,16.67
GM-14500,Gene McClure,Consumer,1255.682,441.3185,10,53,0.11538461538461539,35.15,125.57,11.54
GM-14680,Greg Matthias,Consumer,3163.628,35.48649999999999,6,31,0.14545454545454548,1.12,527.27,14.55
GM-14695,Greg Maxwell,Corporate,6049.966,188.7235,3,44,0.05454545454545456,3.12,2016.66,5.45
GP-14740,Guy Phonely,Corporate,236.53,31.837600000000002,2,21,0.13999999999999999,13.46,118.26,14.0
GR-14560,Georgia Rosenberg,Corporate,1284.38,359.83320000000003,2,23,0.0,28.02,642.19,0.0
GT-14635,Grant Thornton,Corporate,9351.212,-4108.6589,3,26,0.25,-43.94,3117.07,25.0
GT-14710,Greg Tran,Consumer,11820.119999999999,2163.4269,11,106,0.1,18.3,1074.56,10.0
GT-14755,Guy Thornton,Consumer,226.436,-6.139200000000002,4,23,0.2,-2.71,56.61,20.0
GW-14605,Giulietta Weimer,Consumer,2189.019,-268.54229999999995,7,43,0.15555555555555556,-12.27,312.72,15.56
GZ-14470,Gary Zandusky,Consumer,4355.150000000001,1087.7539,9,48,0.07857142857142858,24.98,483.91,7.86
GZ-14545,George Zrebassa,Corporate,2454.6220000000003,828.661,4,25,0.04,33.76,613.66,4.0
HA-14905,Helen Abelman,Consumer,2163.3,270.8574,7,45,0.22999999999999998,12.52,309.04,23.0
HA-14920,Helen Andreada,Consumer,2584.158,99.1445,8,72,0.2,3.84,323.02,20.0
HD-14785,Harold Dahlen,Home Office,251.36,-135.87599999999998,3,31,0.3,-54.06,83.79,30.0
HE-14800,Harold Engle,Corporate,883.5319999999999,274.4028,4,44,0.018181818181818184,31.06,220.88,1.82
HF-14995,Herbert Flentye,Consumer,2533.1639999999998,-13.876799999999989,7,70,0.13157894736842105,-0.55,361.88,13.16
HG-14845,Harry Greene,Consumer,785.628,147.0032,5,31,0.19,18.71,157.13,19.0
HG-14965,Henry Goldwyn,Corporate,3247.642,-2797.9635000000003,12,68,0.17058823529411765,-86.15,270.64,17.06
HG-15025,Hunter Glantz,Consumer,3690.284,804.6113,7,38,0.17272727272727273,21.8,527.18,17.27
HH-15010,Hilary Holden,Corporate,218.668,86.7342,2,20,0.03333333333333333,39.66,109.33,3.33
HJ-14875,Heather Jas,Home Office,358.1,98.6548,5,21,0.10000000000000002,27.55,71.62,10.0
HK-14890,Heather Kirkland,Corporate,4877.784,956.9451,8,64,0.21333333333333335,19.62,609.72,21.33
HL-15040,Hunter Lopez,Consumer,12873.297999999999,5622.4292000000005,6,50,0.018181818181818184,43.68,2145.55,1.82
HM-14860,Harry Marie,Corporate,8236.7648,2437.9836,10,76,0.231,29.6,823.68,23.1
HM-14980,Henry MacAllister,Consumer,736.276,117.2755,4,29,0.17142857142857146,15.93,184.07,17.14
HP-14815,Harold Pawlan,Home Office,1990.314,373.8637,7,44,0.3,18.78,284.33,30.0
HR-14770,Hallie Redmond,Home Office,1299.288,185.5794,5,38,0.04615384615384616,14.28,259.86,4.62
HR-14830,Harold Ryan,Corporate,5248.787,1196.9504,7,51,0.09999999999999999,22.8,749.83,10.0
HW-14935,Helen Wasserman,Corporate,9300.254,2164.1611,8,85,0.045,23.27,1162.53,4.5
HZ-14950,Henia Zydlo,Consumer,886.52,-130.3879,5,21,0.19999999999999998,-14.71,177.3,20.0
IG-15085,Ivan Gibson,Consumer,744.574,320.4982,4,19,0.028571428571428574,43.04,186.14,2.86
IL-15100,Ivan Liston,Consumer,5040.736,1121.937,7,60,0.07142857142857142,22.26,720.11,7.14
IM-15055,Ionia McGrath,Consumer,2872.63,975.7701,3,19,0.1,33.97,957.54,10.0
IM-15070,Irene Maddox,Consumer,4930.474,514.6527,7,93,0.16666666666666666,10.44,704.35,16.67
JA-15970,Joseph Airdo,Consumer,6491.026,-819.4217000000001,8,87,0.2125,-12.62,811.38,21.25
JB-15400,Jennifer Braxton,Corporate,1791.605,156.05319999999998,10,43,0.20625000000000002,8.71,179.16,20.62
JB-15925,Joni Blumstein,Consumer,900.552,-286.9808,3,32,0.3,-31.87,300.18,30.0
JB-16000,Joy Bell-,Consumer,644.1188,126.76490000000001,7,32,0.07428571428571429,19.68,92.02,7.43
JB-16045,Julia Barnett,Home Office,2518.115,201.51850000000002,5,32,0.1888888888888889,8.0,503.62,18.89
JC-15340,Jasper Cacioppo,Consumer,71.263,-0.35560000000000036,4,12,0.22499999999999998,-0.5,17.82,22.5
JC-15385,Jenna Caffey,Consumer,1058.108,502.92440000000005,1,14,0.05,47.53,1058.11,5.0
JC-15775,John Castell,Consumer,2772.055,279.56919999999997,9,64,0.12187500000000001,10.09,308.01,12.19
JC-16105,Julie Creighton,Corporate,858.576,201.5952,5,43,0.044444444444444446,23.48,171.72,4.44
JD-15790,John Dryer,Consumer,2152.352,-266.55249999999995,5,26,0.17142857142857146,-12.38,430.47,17.14
JD-15895,Jonathan Doherty,Corporate,7610.8640000000005,1050.2667999999999,11,150,0.075,13.8,691.9,7.5
JD-16015,Joy Daniels,Consumer,385.43,26.7605,6,39,0.3090909090909091,6.94,64.24,30.91
JD-16060,Julia Dunbar,Consumer,695.442,111.11410000000001,3,17,0.049999999999999996,15.98,231.81,5.0
JD-16150,Justin Deggeller,Corporate,8828.0305,1619.5199,8,60,0.05588235294117647,18.35,1103.5,5.59
JE-15475,Jeremy Ellison,Consumer,1388.682,276.2197,6,49,0.18461538461538465,19.89,231.45,18.46
JE-15610,Jim Epp,Corporate,7754.976,1623.4019,7,74,0.16,20.93,1107.85,16.0
JE-15715,Joe Elijah,Consumer,8697.842999999999,1262.2926,10,97,0.3227272727272727,14.51,869.78,32.27
JE-15745,Joel Eaton,Consumer,6760.8150000000005,221.79670000000002,13,90,0.14565217391304347,3.28,520.06,14.57
JE-16165,Justin Ellison,Corporate,2697.248,789.6476,3,34,0.028571428571428574,29.28,899.08,2.86
JF-15190,Jamie Frazer,Consumer,2279.5860000000002,575.1259,7,72,0.12105263157894736,25.23,325.66,12.11
JF-15295,Jason Fortune-,Consumer,955.124,97.28899999999999,5,42,0.1142857142857143,10.19,191.02,11.43
JF-15355,Jay Fein,Consumer,1911.844,330.199,6,58,0.07500000000000001,17.27,318.64,7.5
JF-15415,Jennifer Ferguson,Consumer,2371.448,635.6376,6,69,0.07142857142857142,26.8,395.24,7.14
JF-15490,Jeremy Farry,Consumer,1082.918,-18.06730000000001,11,36,0.14666666666666667,-1.67,98.45,14.67
JF-15565,Jill Fjeld,Consumer,4198.332,1073.2088,8,67,0.17500000000000002,25.56,524.79,17.5
JG-15115,Jack Garza,Consumer,2358.676,684.1911,3,20,0.24285714285714288,29.01,786.23,24.29
JG-15160,James Galang,Consumer,6366.392,1415.6664,11,70,0.1111111111111111,22.24,578.76,11.11
JG-15310,Jason Gross,Corporate,2240.58,3.7976000000000063,6,46,0.2545454545454545,0.17,373.43,25.45
JG-15805,John Grady,Corporate,1507.018,206.1019,6,46,0.06666666666666668,13.68,251.17,6.67
JH-15430,Jennifer Halladay,Consumer,309.281,-24.077100000000005,4,29,0.31428571428571433,-7.78,77.32,31.43
JH-15820,John Huston,Consumer,528.91,26.082199999999997,6,29,0.15000000000000002,4.93,88.15,15.0
JH-15910,Jonathan Howell,Consumer,959.477,-13.554499999999996,7,35,0.14444444444444446,-1.41,137.07,14.44
JH-15985,Joseph Holt,Consumer,7954.9980000000005,-644.6982,6,64,0.08571428571428573,-8.1,1325.83,8.57
JH-16180,Justin Hirsh,Consumer,2256.3940000000002,-96.95300000000002,4,28,0.22000000000000003,-4.3,564.1,22.0
JJ-15445,Jennifer Jackson,Consumer,709.178,200.5558,5,25,0.06666666666666667,28.28,141.84,6.67
JJ-15760,Joel Jenkins,Home Office,195.0,34.449200000000005,2,11,0.06666666666666667,17.67,97.5,6.67
JK-15205,Jamie Kunitz,Consumer,4427.142,1219.983,5,67,0.13076923076923078,27.56,885.43,13.08
JK-15325,Jason Klamczynski,Corporate,383.812,55.32769999999999,3,15,0.1,14.42,127.94,10.0
JK-15370,Jay Kimmel,Consumer,2709.632,330.2838,8,72,0.12352941176470589,12.19,338.7,12.35
JK-15625,Jim Karlsson,Consumer,3760.028,750.9485,7,44,0.11666666666666668,19.97,537.15,11.67
JK-15640,Jim Kriz,Home Office,4760.434,1172.5303,9,41,0.10000000000000002,24.63,528.94,10.0
JK-15730,Joe Kamberova,Consumer,4867.2,55.0483,10,88,0.3325,1.13,486.72,33.25
JK-16090,Juliana Krohn,Consumer,3747.668,586.6625,3,43,0.19999999999999998,15.65,1249.22,20.0
JK-16120,Julie Kriz,Home Office,2932.484,122.6566,10,49,0.20588235294117646,4.18,293.25,20.59
JL-15130,Jack Lebron,Consumer,1214.956,-207.79559999999998,6,42,0.26666666666666666,-17.1,202.49,26.67
JL-15175,James Lanier,Home Office,1571.523,209.2817,5,29,0.21428571428571427,13.32,314.3,21.43
JL-15235,Janet Lee,Consumer,2203.7,54.51740000000002,5,39,0.22000000000000003,2.47,440.74,22.0
JL-15505,Jeremy Lonsdale,Consumer,3173.874,591.7163,6,56,0.07058823529411766,18.64,528.98,7.06
JL-15835,John Lee,Consumer,9799.923,228.907,11,143,0.08823529411764706,2.34,890.9,8.82
JL-15850,John Lucas,Consumer,2725.256,779.9046,6,38,0.23636363636363636,28.62,454.21,23.64
JM-15250,Janet Martin,Consumer,3159.1220000000003,19.82350000000004,6,91,0.2894736842105263,0.63,526.52,28.95
JM-15265,Janet Molinari,Corporate,1804.146,502.6143,5,52,0.13846153846153847,27.86,360.83,13.85
JM-15535,Jessica Myrick,Consumer,1733.443,356.5395,7,46,0.09,20.57,247.63,9.0
JM-15580,Jill Matthias,Consumer,303.948,113.1204,5,26,0.1142857142857143,37.22,60.79,11.43
JM-15655,Jim Mitchum,Corporate,864.947,117.20400000000001,5,41,0.15833333333333335,13.55,172.99,15.83
JM-15865,John Murray,Consumer,7625.076000000001,1574.6163999999999,7,50,0.1846153846153846,20.65,1089.3,18.46
JM-16195,Justin MacKendrick,Consumer,2833.9260000000004,754.1144,10,74,0.06315789473684212,26.61,283.39,6.32
JO-15145,Jack O'Briant,Corporate,3254.949,581.4045,9,59,0.07307692307692308,17.86,361.66,7.31
JO-15280,Jas O'Carroll,Consumer,1934.272,202.13619999999997,6,36,0.17272727272727273,10.45,322.38,17.27
JO-15550,Jesus Ocampo,Home Office,1090.838,167.6709,5,42,0.23636363636363636,15.37,218.17,23.64
JP-15460,Jennifer Patt,Corporate,1669.135,429.7465,7,54,0.14,25.75,238.45,14.0
JP-15520,Jeremy Pistek,Consumer,3635.594,757.1802,7,63,0.059375000000000004,20.83,519.37,5.94
JP-16135,Julie Prescott,Home Office,1707.71,309.7116,9,47,0.15384615384615385,18.14,189.75,15.38
JR-15670,Jim Radford,Consumer,1156.658,-785.1645,2,14,0.3,-67.88,578.33,30.0
JR-15700,Jocasta Rupert,Consumer,863.88,107.985,1,3,0.2,12.5,863.88,20.0
JR-16210,Justin Ritter,Corporate,2201.686,452.37300000000005,5,41,0.22000000000000003,20.55,440.34,22.0
JS-15595,Jill Stevenson,Corporate,1417.654,-175.54899999999998,4,35,0.3125,-12.38,354.41,31.25
JS-15685,Jim Sink,Corporate,1131.0639999999999,-54.8692,4,42,0.20909090909090908,-4.85,282.77,20.91
JS-15880,John Stevenson,Consumer,3868.02,564.9798000000001,5,43,0.14666666666666667,14.61,773.6,14.67
JS-15940,Joni Sundaresam,Home Office,469.169,-327.9336,5,37,0.3375,-69.9,93.83,33.75
JS-16030,Joy Smith,Consumer,2516.494,-311.25749999999994,6,70,0.18333333333333332,-12.37,419.42,18.33
JW-15220,Jane Waco,Corporate,7721.714,2173.7093999999997,6,66,0.07142857142857142,28.15,1286.95,7.14
JW-15955,Joni Wasserman,Consumer,1244.086,-29.575899999999987,7,41,0.08181818181818182,-2.38,177.73,8.18
JW-16075,Julia West,Consumer,1428.731,154.06369999999998,4,38,0.32857142857142857,10.78,357.18,32.86
KA-16525,Kelly Andreada,Consumer,1519.506,234.9194,7,57,0.05454545454545456,15.46,217.07,5.45
KB-16240,Karen Bern,Corporate,3152.6150000000002,763.9076,7,34,0.15,24.23,450.37,15.0
KB-16315,Karl Braun,Consumer,1569.464,49.71929999999999,9,62,0.19545454545454544,3.17,174.38,19.55
KB-16405,Katrina Bavinger,Home Office,908.821,274.297,3,25,0.044444444444444446,30.18,302.94,4.44
KB-16585,Ken Black,Corporate,2744.742,579.3551,12,102,0.10869565217391304,21.11,228.73,10.87
KB-16600,Ken Brennan,Corporate,983.922,293.55240000000003,7,29,0.2666666666666667,29.83,140.56,26.67
KC-16255,Karen Carlisle,Corporate,2120.954,846.1217,6,40,0.02,39.89,353.49,2.0
KC-16540,Kelly Collister,Consumer,3908.262,709.4219,4,28,0.2,18.15,977.07,20.0
KC-16675,Kimberly Carter,Corporate,1146.05,156.7797,4,40,0.08571428571428573,13.68,286.51,8.57
KD-16270,Karen Daniels,Consumer,8282.358,1107.6952000000003,5,64,0.1875,13.37,1656.47,18.75
KD-16345,Katherine Ducich,Consumer,1888.964,328.5942,6,36,0.13,17.4,314.83,13.0
KD-16495,Keith Dawkins,Corporate,8181.256,3038.6254,12,84,0.08750000000000001,37.14,681.77,8.75
KD-16615,Ken Dana,Corporate,2243.5099999999998,539.7219,5,56,0.1076923076923077,24.06,448.7,10.77
KE-16420,Katrina Edelman,Corporate,1686.7312,397.87989999999996,8,67,0.21466666666666667,23.59,210.84,21.47
KF-16285,Karen Ferguson,Home Office,10604.266,1660.1386,7,67,0.03333333333333334,15.66,1514.9,3.33
KH-16330,Katharine Harms,Corporate,3312.864,454.7871,8,70,0.1388888888888889,13.73,414.11,13.89
KH-16360,Katherine Hughes,Consumer,3100.612,528.2051,6,40,0.15,17.04,516.77,15.0
KH-16510,Keith Herrera,Consumer,5952.859,656.1162,7,91,0.10869565217391304,11.02,850.41,10.87
KH-16630,Ken Heidel,Corporate,3918.9660000000003,727.3786,9,84,0.10588235294117647,18.56,435.44,10.59
KH-16690,Kristen Hastings,Corporate,5990.799,1227.5091,7,69,0.12666666666666665,20.49,855.83,12.67
KL-16555,Kelly Lampkin,Corporate,5016.488,-182.78130000000002,8,84,0.29545454545454547,-3.64,627.06,29.55
KL-16645,Ken Lonsdale,Consumer,14175.229000000001,806.855,12,113,0.19999999999999998,5.69,1181.27,20.0
KM-16225,Kalyca Meade,Corporate,2260.958,635.1057000000001,6,72,0.021052631578947368,28.09,376.83,2.11
KM-16375,Katherine Murray,Home Office,5620.186,973.7901999999999,8,69,0.13999999999999999,17.33,702.52,14.0
KM-16660,Khloe Miller,Consumer,453.538,91.1391,5,30,0.044444444444444446,20.1,90.71,4.44
KM-16720,Kunst Miller,Consumer,4909.472,745.7685,8,98,0.08928571428571429,15.19,613.68,8.93
KN-16390,Katherine Nockton,Corporate,2617.272,-151.1518,9,56,0.21764705882352942,-5.78,290.81,21.76
KN-16450,Kean Nguyen,Corporate,2171.962,114.3083,5,49,0.28125,5.26,434.39,28.12
KN-16705,Kristina Nunn,Home Office,2280.58,329.76250000000005,8,55,0.12000000000000001,14.46,285.07,12.0
KS-16300,Karen Seio,Corporate,88.472,0.11099999999999888,3,10,0.275,0.13,29.49,27.5
KT-16465,Kean Takahito,Consumer,3057.1,254.0032,7,45,0.2285714285714286,8.31,436.73,22.86
KT-16480,Kean Thornton,Consumer,4642.088400000001,194.0671,10,37,0.14769230769230768,4.18,464.21,14.77
KW-16435,Katrina Willman,Consumer,4416.5199999999995,1756.135,5,42,0.11000000000000001,39.76,883.3,11.0
KW-16570,Kelly Williams,Consumer,449.096,107.92699999999999,4,22,0.04,24.03,112.27,4.0
LA-16780,Laura Armstrong,Corporate,8673.222,2059.1199,11,105,0.11538461538461539,23.74,788.47,11.54
LB-16735,Larry Blacks,Consumer,50.188,18.6507,3,12,0.26666666666666666,37.16,16.73,26.67
LB-16795,Laurel Beltran,Home Office,4985.676,-52.19099999999998,8,76,0.23750000000000002,-1.05,623.21,23.75
LC-16870,Lena Cacioppo,Consumer,2580.7039999999997,-188.25110000000004,8,113,0.24000000000000002,-7.29,322.59,24.0
LC-16885,Lena Creighton,Consumer,7663.126,1288.3469,12,93,0.1565217391304348,16.81,638.59,15.65
LC-16930,Linda Cazamias,Corporate,4492.946,288.26599999999996,8,52,0.17142857142857143,6.42,561.62,17.14
LC-16960,Lindsay Castell,Home Office,3246.626,299.48019999999997,4,30,0.2857142857142857,9.22,811.66,28.57
LC-17050,Liz Carlisle,Consumer,2095.064,86.77799999999999,5,43,0.27222222222222225,4.14,419.01,27.22
LC-17140,Logan Currie,Consumer,2633.582,231.12520000000004,9,62,0.18421052631578946,8.78,292.62,18.42
LD-16855,Lela Donovan,Corporate,5.304,0.4641,1,3,0.2,8.75,5.3,20.0
LD-17005,Lisa DeCherney,Consumer,1961.934,557.1714,4,25,0.028571428571428574,28.4,490.48,2.86
LE-16810,Laurel Elliston,Consumer,1469.45,161.76489999999998,6,32,0.2555555555555556,11.01,244.91,25.56
LF-17185,Luke Foster,Consumer,3930.5089999999996,-3583.977,7,69,0.31875,-91.18,561.5,31.87
LH-16750,Larry Hughes,Consumer,287.426,12.627699999999999,3,12,0.3666666666666667,4.39,95.81,36.67
LH-16900,Lena Hernandez,Consumer,2295.332,526.0727,9,64,0.12666666666666665,22.92,255.04,12.67
LH-17020,Lisa Hazard,Consumer,318.239,-242.73989999999998,4,34,0.4666666666666666,-76.28,79.56,46.67
LH-17155,Logan Haushalter,Consumer,1739.689,316.5202,9,44,0.07894736842105263,18.19,193.3,7.89
LL-16840,Lauren Leatherbury,Consumer,2741.2039999999997,560.0078,6,50,0.016666666666666666,20.43,456.87,1.67
LM-17065,Liz MacKendrick,Consumer,1346.774,-44.87799999999999,5,32,0.05714285714285715,-3.33,269.35,5.71
LO-17170,Lori Olson,Corporate,644.35,150.1712,5,34,0.25555555555555554,23.31,128.87,25.56
LP-17080,Liz Pelletier,Consumer,756.606,110.7813,4,39,0.1111111111111111,14.64,189.15,11.11
LP-17095,Liz Preis,Consumer,3653.399,338.44539999999995,7,52,0.18666666666666665,9.26,521.91,18.67
LR-16915,Lena Radford,Consumer,5142.892,535.4764,6,64,0.17500000000000002,10.41,857.15,17.5
LR-17035,Lisa Ryan,Corporate,1879.306,-382.8079,5,44,0.27499999999999997,-20.37,375.86,27.5
LS-16945,Linda Southworth,Corporate,2845.27,-318.77369999999996,6,51,0.3071428571428571,-11.2,474.21,30.71
LS-16975,Lindsay Shagiari,Home Office,2988.674,262.63669999999996,9,63,0.2818181818181818,8.79,332.07,28.18
LS-17200,Luke Schmidt,Corporate,1010.2560000000001,244.197,6,54,0.2,24.17,168.38,20.0
LS-17230,Lycoris Saunders,Consumer,368.88000000000005,39.1952,3,16,0.11666666666666665,10.63,122.96,11.67
LS-17245,Lynn Smith,Consumer,1008.1360000000001,348.3584,6,47,0.08333333333333333,34.55,168.02,8.33
LT-16765,Larry Tron,Consumer,329.876,59.036,3,8,0.13333333333333333,17.9,109.96,13.33
LT-17110,Liz Thompson,Consumer,2936.252,320.973,8,63,0.24642857142857144,10.93,367.03,24.64
LW-16825,Laurel Workman,Corporate,2238.061,32.5767,5,50,0.20666666666666667,1.46,447.61,20.67
LW-16990,Lindsay Williams,Corporate,3230.308,662.8339000000001,6,38,0.10909090909090911,20.52,538.38,10.91
LW-17125,Liz Willingham,Consumer,1259.04,192.6312,3,15,0.0,15.3,419.68,0.0
LW-17215,Luke Weiss,Consumer,5420.514,837.2411,7,59,0.16666666666666666,15.45,774.36,16.67
MA-17560,Matt Abelman,Home Office,4299.161,1240.2266,11,117,0.09411764705882353,28.85,390.83,9.41
MA-17995,Michelle Arnett,Home Office,2453.284,280.7822,6,42,0.041666666666666664,11.45,408.88,4.17
MB-17305,Maria Bertelson,Consumer,1548.702,212.425,10,63,0.17368421052631577,13.72,154.87,17.37
MB-18085,Mick Brown,Consumer,1428.231,117.8057,7,39,0.2,8.25,204.03,20.0
MC-17275,Marc Crier,Consumer,2725.982,461.0014,8,54,0.13076923076923078,16.91,340.75,13.08
MC-17425,Mark Cousins,Corporate,4432.138,1802.3903,5,48,0.12,40.67,886.43,12.0
MC-17575,Matt Collins,Consumer,1303.893,210.7493,8,40,0.29090909090909095,16.16,162.99,29.09
MC-17590,Matt Collister,Corporate,2426.067,288.98409999999996,6,47,0.17058823529411765,11.91,404.34,17.06
MC-17605,Matt Connell,Corporate,2258.192,195.4486,8,60,0.2222222222222222,8.66,282.27,22.22
MC-17635,Matthew Clasen,Corporate,795.154,-247.94350000000003,4,33,0.17500000000000002,-31.18,198.79,17.5
MC-17845,Michael Chen,Consumer,3805.714,698.4174,7,45,0.09999999999999999,18.35,543.67,10.0
MC-18100,Mick Crebagga,Consumer,2218.98,-64.1668,10,73,0.26842105263157895,-2.89,221.9,26.84
MC-18130,Mike Caudle,Corporate,1581.9979999999998,121.7565,5,34,0.05454545454545456,7.7,316.4,5.45
MD-17350,Maribeth Dona,Consumer,3766.382,-241.94999999999996,7,64,0.32941176470588235,-6.42,538.05,32.94
MD-17860,Michael Dominguez,Corporate,1204.91,-4.040300000000002,5,45,0.2875,-0.34,240.98,28.75
ME-17320,Maria Etezadi,Home Office,10663.728000000001,1859.4695,10,82,0.1318181818181818,17.44,1066.37,13.18
ME-17725,Max Engle,Consumer,1908.4532,77.81280000000001,8,46,0.2246153846153846,4.08,238.56,22.46
ME-18010,Michelle Ellison,Corporate,1256.944,107.3604,4,15,0.16666666666666666,8.54,314.24,16.67
MF-17665,Maureen Fritzler,Corporate,937.039,-341.52650000000006,5,36,0.13749999999999998,-36.45,187.41,13.75
MF-18250,Monica Federle,Corporate,1758.3,456.86080000000004,5,38,0.06666666666666667,25.98,351.66,6.67
MG-17650,Matthew Grinstein,Home Office,3785.276,341.898,7,57,0.1285714285714286,9.03,540.75,12.86
MG-17680,Maureen Gastineau,Home Office,2350.188,25.888599999999972,4,25,0.225,1.1,587.55,22.5
MG-17695,Maureen Gnade,Consumer,1342.282,-398.79319999999996,3,23,0.2571428571428572,-29.71,447.43,25.71
MG-17875,Michael Grace,Home Office,1242.8329999999999,-470.7684,5,23,0.24285714285714288,-37.88,248.57,24.29
MG-17890,Michael Granlund,Home Office,776.384,171.7372,9,35,0.11923076923076924,22.12,86.26,11.92
MG-18145,Mike Gockenbach,Consumer,3061.543,-93.603,4,42,0.1875,-3.06,765.39,18.75
MG-18205,Mitch Gastineau,Corporate,16.739,-1.2453,1,8,0.44999999999999996,-7.44,16.74,45.0
MH-17290,Marc Harrigan,Home Office,2394.025,28.761200000000038,6,55,0.18846153846153849,1.2,399.0,18.85
MH-17440,Mark Haberlin,Corporate,400.016,61.428599999999996,4,25,0.07777777777777778,15.36,100.0,7.78
MH-17455,Mark Hamilton,Consumer,2456.1820000000002,484.77330000000006,8,45,0.16363636363636364,19.74,307.02,16.36
MH-17620,Matt Hagelstein,Corporate,1252.8,122.3612,4,19,0.23333333333333336,9.77,313.2,23.33
MH-17785,Maya Herman,Corporate,2203.7780000000002,238.5614,7,42,0.07272727272727274,10.83,314.83,7.27
MH-18025,Michelle Huthwaite,Consumer,2984.948,476.9032,5,31,0.13,15.98,596.99,13.0
MH-18115,Mick Hernandez,Home Office,5503.093,170.9746,9,79,0.16818181818181818,3.11,611.45,16.82
MJ-17740,Max Jones,Consumer,6320.746,1054.5529000000001,7,50,0.21333333333333335,16.68,902.96,21.33
MK-17905,Michael Kennedy,Corporate,2302.368,-405.3559,8,73,0.3,-17.61,287.8,30.0
MK-18160,Mike Kennedy,Consumer,1031.602,227.83380000000002,4,43,0.0818181818181818,22.09,257.9,8.18
ML-17395,Marina Lichtenstein,Corporate,2722.843,684.9162,9,72,0.17250000000000001,25.15,302.54,17.25
ML-17410,Maris LaWare,Consumer,2921.5,-76.17550000000003,6,51,0.16666666666666666,-2.61,486.92,16.67
ML-17755,Max Ludwig,Home Office,2071.9139999999998,409.51120000000003,7,53,0.1076923076923077,19.76,295.99,10.77
ML-18040,Michelle Lonsdale,Corporate,742.082,138.71620000000001,3,18,0.25,18.69,247.36,25.0
ML-18265,Muhammed Lee,Consumer,162.232,42.6648,2,7,0.06666666666666667,26.3,81.12,6.67
MM-17260,Magdelene Morse,Consumer,1314.023,178.402,4,17,0.13333333333333333,13.58,328.51,13.33
MM-17920,Michael Moore,Consumer,3794.0800000000004,82.12499999999997,11,68,0.18125,2.16,344.92,18.12
MM-18055,Michelle Moray,Consumer,2749.881,-520.3443,8,73,0.21052631578947367,-18.92,343.74,21.05
MM-18280,Muhammed MacIntyre,Corporate,775.414,58.8916,9,32,0.14166666666666666,7.59,86.16,14.17
MN-17935,Michael Nguyen,Consumer,2477.946,290.8227,6,36,0.26,11.74,412.99,26.0
MO-17500,Mary O'Rourke,Consumer,922.487,59.357699999999994,4,15,0.22000000000000003,6.43,230.62,22.0
MO-17800,Meg O'Connel,Home Office,1687.0269999999998,169.34369999999998,8,49,0.16363636363636364,10.04,210.88,16.36
MO-17950,Michael Oakman,Consumer,154.288,-82.0074,2,14,0.35000000000000003,-53.15,77.14,35.0
MP-17470,Mark Packer,Home Office,3206.132,600.2873,7,77,0.12142857142857144,18.72,458.02,12.14
MP-17965,Michael Paige,Corporate,3983.6420000000003,638.1563,9,62,0.255,16.02,442.63,25.5
MP-18175,Mike Pelletier,Home Office,5087.92,226.4529,9,78,0.15526315789473685,4.45,565.32,15.53
MR-17545,Mathew Reese,Home Office,639.178,162.9363,4,29,0.20000000000000004,25.49,159.79,20.0
MS-17365,Maribeth Schnelling,Consumer,7443.6900000000005,844.9354999999998,10,105,0.16041666666666668,11.35,744.37,16.04
MS-17530,MaryBeth Skach,Consumer,475.65599999999995,84.0268,4,21,0.15714285714285717,17.67,118.91,15.71
MS-17710,Maurice Satty,Consumer,1613.402,247.4348,6,48,0.22,15.34,268.9,22.0
MS-17770,Maxwell Schwartz,Consumer,3144.678,280.85839999999996,9,73,0.09999999999999999,8.93,349.41,10.0
MS-17830,Melanie Seite,Consumer,370.348,19.431199999999997,4,14,0.18,5.25,92.59,18.0
MS-17980,Michael Stewart,Corporate,855.116,55.226,6,49,0.17272727272727273,6.46,142.52,17.27
MT-17815,Meg Tillman,Consumer,2890.139,509.0068,6,31,0.12999999999999998,17.61,481.69,13.0
MT-18070,Michelle Tran,Home Office,1319.4498,-23.676300000000005,4,44,0.2427272727272727,-1.79,329.86,24.27
MV-17485,Mark Van Huff,Consumer,1560.05,189.0258,9,52,0.24000000000000002,12.12,173.34,24.0
MV-18190,Mike Vittorini,Consumer,1734.574,273.8582,7,37,0.08636363636363636,15.79,247.8,8.64
MW-18220,Mitch Webber,Consumer,5341.900000000001,1238.422,7,51,0.07857142857142858,23.18,763.13,7.86
MW-18235,Mitch Willingham,Corporate,5253.876,1665.516,2,13,0.06666666666666667,31.7,2626.94,6.67
MY-17380,Maribeth Yedwab,Corporate,2254.285,319.1211,7,49,0.3076923076923077,14.16,322.04,30.77
MY-18295,Muhammed Yedwab,Corporate,4152.696,-371.7111,11,89,0.2438095238095238,-8.95,377.52,24.38
MZ-17335,Maria Zettner,Home Office,593.606,85.01910000000001,4,11,0.06666666666666667,14.32,148.4,6.67
MZ-17515,Mary Zewe,Corporate,2564.906,787.7503,6,39,0.27999999999999997,30.71,427.48,28.0
NB-18580,Nicole Brennan,Corporate,273.87199999999996,24.788800000000002,2,7,0.1,9.05,136.94,10.0
NB-18655,Nona Balk,Corporate,1972.599,117.6429,9,64,0.1735294117647059,5.96,219.18,17.35
NC-18340,Nat Carroll,Consumer,2461.404,580.3075,5,54,0.0411764705882353,23.58,492.28,4.12
NC-18415,Nathan Cano,Consumer,2218.9900000000002,-2204.8072,6,38,0.2642857142857143,-99.36,369.83,26.43
NC-18535,Nick Crebassa,Corporate,8241.739,1314.758,7,64,0.13666666666666666,15.95,1177.39,13.67
NC-18625,Noah Childs,Corporate,1821.742,-359.02099999999996,5,29,0.24444444444444446,-19.71,364.35,24.44
ND-18370,Natalie DeCherney,Consumer,4326.139,353.64549999999997,9,63,0.21111111111111114,8.17,480.68,21.11
ND-18460,Neil Ducich,Corporate,2893.455,443.33680000000004,6,36,0.0875,15.32,482.24,8.75
NF-18385,Natalie Fritzler,Consumer,8322.826,-1695.9714,7,52,0.25,-20.38,1188.98,25.0
NF-18475,Neil Französisch,Home Office,377.16200000000003,85.92779999999999,4,13,0.25,22.78,94.29,25.0
NF-18595,Nicole Fjeld,Home Office,2031.472,388.2131,7,55,0.11666666666666668,19.11,290.21,11.67
NG-18355,Nat Gilpin,Corporate,1869.58,313.63349999999997,5,45,0.08750000000000001,16.78,373.92,8.75
NG-18430,Nathan Gelder,Consumer,1395.9379999999999,217.0893,5,41,0.1111111111111111,15.55,279.19,11.11
NH-18610,Nicole Hansen,Corporate,2673.29,760.1666,7,52,0.05454545454545456,28.44,381.9,5.45
NK-18490,Neil Knudson,Home Office,572.048,121.2177,7,51,0.1272727272727273,21.19,81.72,12.73
NL-18310,Nancy Lomonaco,Home Office,1418.0900000000001,343.6381,4,44,0.06000000000000001,24.23,354.52,6.0
NM-18445,Nathan Mautz,Home Office,6459.344,2751.6848999999997,7,44,0.042857142857142864,42.6,922.76,4.29
NM-18520,Neoma Murray,Consumer,2161.979,788.9525000000001,10,60,0.26,36.49,216.2,26.0
NP-18325,Naresj Patel,Consumer,5529.62,1208.8890000000001,6,77,0.05714285714285715,21.86,921.6,5.71
NP-18670,Nora Paige,Consumer,3908.402,514.6002,5,46,0.02,13.17,781.68,2.0
NP-18685,Nora Pelletier,Home Office,1228.698,514.5017,6,23,0.18571428571428572,41.87,204.78,18.57
NP-18700,Nora Preis,Consumer,7903.1825,631.2282,7,63,0.19615384615384618,7.99,1129.03,19.62
NR-18550,Nick Radford,Consumer,2367.277,-25.148799999999966,5,37,0.22307692307692306,-1.06,473.46,22.31
NS-18505,Neola Schneider,Consumer,2575.863,-12.303999999999997,4,52,0.20666666666666667,-0.48,643.97,20.67
NS-18640,Noel Staavos,Corporate,2964.823,-234.7714,13,113,0.21538461538461537,-7.92,228.06,21.54
NW-18400,Natalie Webber,Consumer,7234.014,1023.123,7,78,0.21363636363636365,14.14,1033.43,21.36
NZ-18565,Nick Zandusky,Home Office,2488.31,402.4236,9,77,0.175,16.17,276.48,17.5
ON-18715,Odella Nelson,Corporate,1567.52,-5.88900000000001,9,58,0.16,-0.38,174.17,16.0
OT-18730,Olvera Toch,Consumer,3818.624,-925.1203,5,51,0.15999999999999998,-24.23,763.72,16.0
PA-19060,Pete Armstrong,Home Office,729.408,225.8588,6,27,0.1857142857142857,30.96,121.57,18.57
PB-18805,Patrick Bzostek,Home Office,740.356,229.2257,3,54,0.12000000000000002,30.96,246.79,12.0
PB-19105,Peter Bühler,Consumer,688.324,218.15970000000002,4,18,0.12000000000000002,31.69,172.08,12.0
PB-19150,Philip Brown,Consumer,1456.95,280.6606,8,54,0.1272727272727273,19.26,182.12,12.73
PB-19210,Phillip Breyer,Corporate,132.738,21.897000000000002,2,10,0.1,16.5,66.37,10.0
PC-18745,Pamela Coakley,Corporate,1832.064,272.685,4,22,0.22000000000000003,14.88,458.02,22.0
PC-19000,Pauline Chand,Home Office,1061.488,-184.3364,2,18,0.13333333333333333,-17.37,530.74,13.33
PF-19120,Peter Fuller,Consumer,9062.864,-614.2943000000001,4,75,0.12105263157894738,-6.78,2265.72,12.11
PF-19165,Philip Fox,Consumer,2770.0,196.87389999999996,6,34,0.05,7.11,461.67,5.0
PF-19225,Phillip Flathmann,Consumer,2206.1279999999997,591.3118000000001,5,32,0.06000000000000001,26.8,441.23,6.0
PG-18820,Patrick Gardner,Consumer,3086.907,137.46130000000002,13,83,0.16923076923076924,4.45,237.45,16.92
PG-18895,Paul Gonzalez,Consumer,1987.164,334.5163,9,61,0.09411764705882353,16.83,220.8,9.41
PH-18790,Patricia Hirasaki,Home Office,729.648,47.8878,1,6,0.2,6.56,729.65,20.0
PJ-18835,Patrick Jones,Corporate,1220.09,442.1355,8,46,0.07692307692307693,36.24,152.51,7.69
PJ-19015,Pauline Johnson,Consumer,1824.2340000000002,682.9979000000001,7,25,0.08,37.44,260.6,8.0
PK-18910,Paul Knutson,Home Office,1441.152,-798.705,2,14,0.3666666666666667,-55.42,720.58,36.67
PK-19075,Pete Kriz,Consumer,8646.934,2038.2676000000001,12,107,0.07600000000000001,23.57,720.58,7.6
PL-18925,Paul Lucas,Home Office,239.481,-0.7527000000000026,5,29,0.25,-0.31,47.9,25.0
PM-18940,Paul MacIntyre,Consumer,1405.402,157.8768,3,16,0.15,11.23,468.47,15.0
PM-19135,Peter McVee,Home Office,4115.662,526.7537,4,36,0.1285714285714286,12.8,1028.92,12.86
PN-18775,Parhena Norris,Home Office,1467.152,192.0396,8,47,0.12307692307692308,13.09,183.39,12.31
PO-18850,Patrick O'Brill,Consumer,7473.8282,38.47569999999996,11,91,0.21,0.51,679.44,21.0
PO-18865,Patrick O'Donnell,Consumer,2493.214,437.8533,7,54,0.04615384615384616,17.56,356.17,4.62
PO-19180,Philisse Overcash,Home Office,4893.043,1155.4331,9,65,0.10555555555555557,23.61,543.67,10.56
PO-19195,Phillina Ober,Home Office,1056.858,-49.70089999999999,5,32,0.19,-4.7,211.37,19.0
PP-18955,Paul Prost,Home Office,7252.608,1495.0854,10,138,0.1088235294117647,20.61,725.26,10.88
PR-18880,Patrick Ryan,Consumer,1840.178,247.6226,5,43,0.11666666666666668,13.46,368.04,11.67
PS-18760,Pamela Stobb,Consumer,2181.479,-134.441,6,75,0.22380952380952382,-6.16,363.58,22.38
PS-18970,Paul Stevenson,Home Office,1278.639,198.5099,8,52,0.05384615384615384,15.53,159.83,5.38
PS-19045,Penelope Sewall,Home Office,6843.634,1742.7296999999999,7,47,0.0846153846153846,25.46,977.66,8.46
PT-19090,Pete Takahito,Consumer,160.572,-20.0508,4,19,0.37142857142857144,-12.49,40.14,37.14
PV-18985,Paul Van Hugh,Home Office,2876.046,434.52840000000003,5,52,0.08461538461538462,15.11,575.21,8.46
PW-19030,Pauline Webber,Corporate,3454.916,803.8169,10,48,0.038461538461538464,23.27,345.49,3.85
PW-19240,Pierre Wener,Consumer,3922.4150000000004,1290.354,7,39,0.1708333333333333,32.9,560.34,17.08
QJ-19255,Quincy Jones,Corporate,6108.338,1203.6768,9,61,0.12307692307692308,19.71,678.7,12.31
RA-19285,Ralph Arnett,Consumer,2617.906,546.0882,9,58,0.1647058823529412,20.86,290.88,16.47
RA-19885,Ruben Ausman,Corporate,3832.314,1292.8656,7,53,0.04000000000000001,33.74,547.47,4.0
RA-19915,Russell Applegate,Consumer,4793.543,304.8673,9,75,0.27954545454545454,6.36,532.62,27.95
RA-19945,Ryan Akin,Consumer,1686.9225,-445.695,5,27,0.31666666666666665,-26.42,337.38,31.67
RB-19330,Randy Bradley,Consumer,1008.1959999999999,-164.40619999999998,2,16,0.3166666666666667,-16.31,504.1,31.67
RB-19360,Raymond Buch,Consumer,15117.339,6976.0959,6,71,0.09444444444444444,46.15,2519.56,9.44
RB-19435,Richard Bierner,Consumer,2663.0860000000002,477.23990000000003,8,66,0.1625,17.92,332.89,16.25
RB-19465,Rick Bensley,Home Office,4715.466,640.5466,12,85,0.13478260869565217,13.58,392.96,13.48
RB-19570,Rob Beeghly,Consumer,528.546,76.8879,5,35,0.16666666666666666,14.55,105.71,16.67
RB-19645,Robert Barroso,Corporate,221.084,72.679,5,29,0.14285714285714285,32.87,44.22,14.29
RB-19705,Roger Barcio,Home Office,2067.45,243.07549999999998,4,22,0.1571428571428571,11.76,516.86,15.71
RB-19795,Ross Baird,Home Office,5633.316000000001,-461.73319999999995,8,92,0.25,-8.2,704.16,25.0
RC-19825,Roy Collins,Consumer,966.409,63.991400000000006,6,29,0.11000000000000001,6.62,161.07,11.0
RC-19960,Ryan Crowe,Consumer,885.752,10.563300000000002,6,44,0.17272727272727273,1.19,147.63,17.27
RD-19480,Rick Duston,Consumer,4272.93,480.594,8,60,0.10666666666666667,11.25,534.12,10.67
RD-19585,Rob Dowd,Consumer,2912.8940000000002,734.5158,10,73,0.03157894736842106,25.22,291.29,3.16
RD-19660,Robert Dilbeck,Home Office,2786.632,835.772,5,23,0.08,29.99,557.33,8.0
RD-19720,Roger Demir,Consumer,1419.737,207.3304,10,78,0.1575,14.6,141.97,15.75
RD-19810,Ross DeVincentis,Home Office,1137.616,318.4625,8,63,0.1875,27.99,142.2,18.75
RD-19900,Ruben Dartt,Consumer,3133.924,455.5292,9,85,0.05714285714285715,14.54,348.21,5.71
RD-19930,Russell D'Ascenzo,Consumer,970.9420000000001,35.05740000000001,4,33,0.31,3.61,242.74,31.0
RE-19405,Ricardo Emerson,Consumer,48.36,6.045,1,5,0.2,12.5,48.36,20.0
RE-19450,Richard Eichhorn,Consumer,876.696,209.2294,5,47,0.13333333333333333,23.87,175.34,13.33
RF-19345,Randy Ferguson,Corporate,3309.15,633.7072000000001,8,67,0.1375,19.15,413.64,13.75
RF-19735,Roland Fjeld,Consumer,2341.2960000000003,711.6168,7,53,0.014285714285714287,30.39,334.47,1.43
RF-19840,Roy Französisch,Consumer,945.222,280.0261,8,45,0.0818181818181818,29.63,118.15,8.18
RH-19495,Rick Hansen,Consumer,3621.3759999999997,563.7877,5,38,0.1,15.57,724.28,10.0
RH-19510,Rick Huthwaite,Home Office,6979.18,1289.4535,6,43,0.03333333333333333,18.48,1163.2,3.33
RH-19555,Ritsa Hightower,Consumer,740.382,0.30570000000000164,2,11,0.5333333333333333,0.04,370.19,53.33
RH-19600,Rob Haberlin,Consumer,2085.7400000000002,172.6261,3,43,0.10909090909090909,8.28,695.25,10.91
RK-19300,Ralph Kennedy,Consumer,1460.192,269.688,3,29,0.07500000000000001,18.47,486.73,7.5
RL-19615,Rob Lucas,Consumer,6234.91,488.14840000000004,8,101,0.21875,7.83,779.36,21.88
RM-19375,Raymond Messe,Consumer,1453.474,392.1499,6,29,0.044444444444444446,26.98,242.25,4.44
RM-19675,Robert Marley,Home Office,5979.0960000000005,1902.5438000000001,5,39,0.045454545454545456,31.82,1195.82,4.55
RM-19750,Roland Murray,Consumer,98.35,28.6879,1,4,0.0,29.17,98.35,0.0
RO-19780,Rose O'Brian,Consumer,3815.478,-1262.5716000000002,7,48,0.2916666666666667,-33.09,545.07,29.17
RP-19270,Rachel Payne,Corporate,954.6452,59.538399999999996,4,47,0.19333333333333336,6.24,238.66,19.33
RP-19390,Resi Pölking,Consumer,5153.084,465.25030000000015,12,88,0.14800000000000002,9.03,429.42,14.8
RP-19855,Roy Phan,Corporate,2170.716,594.5868,8,61,0.13333333333333333,27.39,271.34,13.33
RR-19315,Ralph Ritter,Consumer,615.932,-73.835,2,7,0.27499999999999997,-11.99,307.97,27.5
RR-19525,Rick Reed,Corporate,3302.2619999999997,721.6826,6,36,0.06000000000000001,21.85,550.38,6.0
RS-19420,Ricardo Sperren,Corporate,3221.29,633.4513999999999,5,29,0.0,19.66,644.26,0.0
RS-19765,Roland Schwarz,Corporate,4159.7699999999995,1206.3851,8,54,0.1142857142857143,29.0,519.97,11.43
RS-19870,Roy Skaria,Home Office,22.328,9.5838,2,10,0.06666666666666667,42.92,11.16,6.67
RW-19540,Rick Wilson,Corporate,7397.401,1586.6273,7,89,0.13478260869565217,21.45,1056.77,13.48
RW-19630,Rob Williams,Corporate,3279.746,698.8325,9,53,0.1375,21.31,364.42,13.75
RW-19690,Robert Waldorf,Consumer,3495.646,707.5503,5,61,0.07333333333333333,20.24,699.13,7.33
SA-20830,Sue Ann Reed,Consumer,4767.3415,610.1496000000001,10,75,0.19285714285714284,12.8,476.73,19.29
SB-20170,Sarah Bern,Consumer,1348.02,157.6658,3,24,0.18571428571428572,11.7,449.34,18.57
SB-20185,Sarah Brown,Consumer,6410.996,885.4623999999999,6,45,0.1416666666666667,13.81,1068.5,14.17
SB-20290,Sean Braxton,Corporate,8057.891,-2082.7451,7,84,0.24117647058823527,-25.85,1151.13,24.12
SC-20020,Sam Craven,Consumer,3362.9636,-317.0508,5,62,0.21882352941176472,-9.43,672.59,21.88
SC-20050,Sample Company A,Home Office,4624.572,1011.7443,9,61,0.18666666666666668,21.88,513.84,18.67
SC-20095,Sanjit Chand,Consumer,14142.333999999999,5757.411899999999,9,87,0.06363636363636364,40.71,1571.37,6.36
SC-20230,Scot Coram,Corporate,4371.9580000000005,440.14099999999996,4,49,0.10909090909090911,10.07,1092.99,10.91
SC-20260,Scott Cohen,Corporate,3729.7929999999997,671.0033999999999,8,63,0.19722222222222222,17.99,466.22,19.72
SC-20305,Sean Christensen,Consumer,3979.065,229.1617,7,64,0.21666666666666667,5.76,568.44,21.67
SC-20380,Shahid Collister,Consumer,5992.536,236.66149999999996,9,80,0.19,3.95,665.84,19.0
SC-20440,Shaun Chance,Corporate,1874.998,379.5611,7,44,0.27999999999999997,20.24,267.86,28.0
SC-20575,Sonia Cooley,Consumer,902.7280000000001,100.2253,5,30,0.34285714285714286,11.1,180.55,34.29
SC-20680,Steve Carroll,Home Office,1254.64,370.1578,6,26,0.0,29.5,209.11,0.0
SC-20695,Steve Chapman,Corporate,2576.408,611.8291,10,66,0.15714285714285717,23.75,257.64,15.71
SC-20725,Steven Cartwright,Consumer,5226.21,1276.6513,11,133,0.15000000000000002,24.43,475.11,15.0
SC-20770,Stewart Carmichael,Corporate,4492.657,-671.1874,7,75,0.30476190476190473,-14.94,641.81,30.48
SC-20800,Stuart Calhoun,Consumer,279.25600000000003,51.8252,4,11,0.12000000000000002,18.56,69.81,12.0
SC-20845,Sung Chung,Consumer,280.632,31.1757,2,13,0.2,11.11,140.32,20.0
SD-20485,Shirley Daniels,Home Office,6121.114,1985.1671999999999,9,82,0.10476190476190476,32.43,680.12,10.48
SE-20110,Sanjit Engle,Consumer,12209.438000000002,2650.6769,11,78,0.1105263157894737,21.71,1109.95,11.05
SF-20065,Sandra Flanagan,Consumer,763.5459999999999,228.1623,7,35,0.1,29.88,109.08,10.0
SF-20200,Sarah Foster,Consumer,3422.7859999999996,286.9046,9,74,0.12666666666666665,8.38,380.31,12.67
SF-20965,Sylvia Foulston,Corporate,3336.535,539.9352,9,66,0.2705882352941177,16.18,370.73,27.06
SG-20080,Sandra Glassco,Consumer,3406.5809999999997,570.438,3,30,0.06818181818181818,16.75,1135.53,6.82
SG-20470,Sheri Gordon,Consumer,1884.798,-119.0105,8,62,0.15,-6.31,235.6,15.0
SG-20605,Speros Goranitis,Consumer,3124.832,463.269,6,49,0.09230769230769233,14.83,520.81,9.23
SG-20890,Susan Gilcrest,Corporate,47.946,-3.7073,3,17,0.4,-7.73,15.98,40.0
SH-19975,Sally Hughsby,Corporate,3406.8395,558.4739999999999,13,113,0.13620689655172413,16.39,262.06,13.62
SH-20395,Shahid Hopkins,Consumer,2180.718,-144.5229,10,45,0.23333333333333334,-6.63,218.07,23.33
SH-20635,Stefanie Holloman,Corporate,2096.392,260.6258,2,16,0.2,12.43,1048.2,20.0
SJ-20125,Sanjit Jacobs,Home Office,3949.656,144.1189,12,104,0.23333333333333336,3.65,329.14,23.33
SJ-20215,Sarah Jordon,Consumer,1341.036,-23.5137,6,35,0.37,-1.75,223.51,37.0
SJ-20500,Shirley Jackson,Consumer,1318.776,68.09629999999999,5,30,0.14285714285714285,5.16,263.76,14.29
SK-19990,Sally Knutson,Consumer,883.409,168.7933,3,19,0.22000000000000003,19.11,294.47,22.0
SL-20155,Sara Luxemburg,Home Office,3053.012,527.9715,7,30,0.17777777777777778,17.29,436.14,17.78
SM-20005,Sally Matthias,Consumer,244.49399999999997,-26.5927,4,26,0.26666666666666666,-10.88,61.12,26.67
SM-20320,Sean Miller,Home Office,25043.05,-1980.7393,5,50,0.24666666666666667,-7.91,5008.61,24.67
SM-20905,Susan MacKendrick,Consumer,1043.041,-237.2885,1,20,0.2833333333333333,-22.75,1043.04,28.33
SM-20950,Suzanne McNair,Corporate,5563.392,581.5741999999999,12,94,0.1272727272727273,10.45,463.62,12.73
SN-20560,Skye Norling,Home Office,1860.418,-716.8565000000001,6,67,0.1733333333333333,-38.53,310.07,17.33
SN-20710,Steve Nguyen,Home Office,3127.9592,481.74989999999997,7,89,0.1168421052631579,15.4,446.85,11.68
SO-20335,Sean O'Donnell,Consumer,2602.5755,-81.0858,6,52,0.1366666666666667,-3.12,433.76,13.67
SP-20545,Sibella Parks,Corporate,1306.086,-118.77570000000001,6,43,0.26,-9.09,217.68,26.0
SP-20620,Stefania Perrino,Corporate,5440.319,-270.42819999999995,9,77,0.25,-4.97,604.48,25.0
SP-20650,Stephanie Phelps,Corporate,1872.4360000000001,268.4782,9,71,0.15333333333333332,14.34,208.05,15.33
SP-20860,Sung Pak,Corporate,4282.94,566.7226,10,80,0.20833333333333334,13.23,428.29,20.83
SP-20920,Susan Pistek,Consumer,3990.689,14.692400000000003,6,57,0.2714285714285714,0.37,665.11,27.14
SR-20425,Sharelle Roach,Home Office,3233.481,-3333.9144,5,34,0.36666666666666664,-103.11,646.7,36.67
SR-20740,Steven Roelle,Home Office,4345.8859999999995,1990.4243999999999,8,50,0.03333333333333333,45.8,543.24,3.33
SS-20140,Saphhira Shifley,Corporate,1324.028,332.3487,8,86,0.11428571428571428,25.1,165.5,11.43
SS-20410,Shahid Shariari,Consumer,3056.8070000000002,-1010.9738,6,46,0.25833333333333336,-33.07,509.47,25.83
SS-20515,Shirley Schmidt,Home Office,613.4,199.93449999999999,3,36,0.0,32.59,204.47,0.0
SS-20590,Sonia Sunley,Consumer,418.49,135.5401,6,17,0.0,32.39,69.75,0.0
SS-20875,Sung Shariari,Consumer,964.636,-75.586,5,39,0.24000000000000002,-7.84,192.93,24.0
ST-20530,Shui Tom,Consumer,433.34000000000003,84.4419,7,33,0.20000000000000004,19.49,61.91,20.0
SU-20665,Stephanie Ulpright,Home Office,2595.364,763.4719,7,61,0.13333333333333333,29.42,370.77,13.33
SV-20365,Seth Vernon,Consumer,11470.949999999999,1199.4242,10,109,0.15625,10.46,1147.09,15.62
SV-20785,Stewart Visinsky,Consumer,4105.305,485.0272,9,91,0.184,11.81,456.15,18.4
SV-20815,Stuart Van,Corporate,1271.0900000000001,199.6502,4,24,0.19999999999999998,15.71,317.77,20.0
SV-20935,Susan Vittorini,Consumer,1903.491,106.8912,8,66,0.23076923076923078,5.62,237.94,23.08
SW-20245,Scot Wooten,Consumer,1085.078,-19.60620000000001,7,33,0.25999999999999995,-1.81,155.01,26.0
SW-20275,Scott Williamson,Consumer,1966.65,332.8725,6,28,0.028571428571428574,16.93,327.78,2.86
SW-20350,Sean Wendt,Home Office,1019.044,95.8383,3,25,0.21666666666666667,9.4,339.68,21.67
SW-20455,Shaun Weien,Consumer,2921.544,793.6548,7,18,0.1111111111111111,27.17,417.36,11.11
SW-20755,Steven Ward,Corporate,758.6959999999999,68.2416,2,27,0.1,8.99,379.35,10.0
SZ-20035,Sam Zeldin,Home Office,3625.329,366.43030000000005,11,69,0.22000000000000003,10.11,329.58,22.0
TA-21385,Tom Ashbrook,Home Office,14595.62,4703.7883,4,36,0.07999999999999999,32.23,3648.9,8.0
TB-21055,Ted Butterfield,Consumer,1467.881,390.2113,5,66,0.05555555555555555,26.58,293.58,5.56
TB-21175,Thomas Boland,Corporate,3589.296,829.1635,4,36,0.09090909090909091,23.1,897.32,9.09
TB-21190,Thomas Brumley,Home Office,816.1740000000001,179.0038,4,23,0.025,21.93,204.04,2.5
TB-21250,Tim Brockman,Consumer,1602.376,260.6155,7,74,0.2473684210526316,16.26,228.91,24.74
TB-21280,Toby Braunhardt,Consumer,2198.45,490.9567,6,35,0.1,22.33,366.41,10.0
TB-21355,Todd Boyes,Corporate,834.328,268.967,5,44,0.06153846153846154,32.24,166.87,6.15
TB-21400,Tom Boeckenhauer,Consumer,9133.99,2798.3689,7,55,0.07058823529411766,30.64,1304.86,7.06
TB-21520,Tracy Blumstein,Consumer,4737.486,-1603.0451,9,85,0.265,-33.84,526.39,26.5
TB-21595,Troy Blackwell,Consumer,1387.559,-136.4091,5,29,0.2714285714285714,-9.83,277.51,27.14
TB-21625,Trudy Brown,Consumer,2797.668,379.882,9,60,0.14,13.58,310.85,14.0
TC-20980,Tamara Chand,Corporate,19052.218,8981.323900000001,5,42,0.11666666666666665,47.14,3810.44,11.67
TC-21145,Theresa Coyne,Corporate,1038.26,265.5332,1,17,0.0,25.57,1038.26,0.0
TC-21295,Toby Carlisle,Consumer,4266.812,606.3727,8,63,0.13125,14.21,533.35,13.12
TC-21475,Tony Chapman,Home Office,1244.976,119.104,9,45,0.2636363636363636,9.57,138.33,26.36
TC-21535,Tracy Collins,Home Office,742.5580000000001,217.933,7,28,0.11000000000000001,29.35,106.08,11.0
TD-20995,Tamara Dahlen,Consumer,1434.5480000000002,88.1897,9,67,0.24375000000000002,6.15,159.39,24.38
TG-21310,Toby Gnade,Consumer,3058.372,682.1704,5,30,0.2111111111111111,22.31,611.67,21.11
TG-21640,Trudy Glocke,Consumer,2074.661,365.7205,4,50,0.13,17.63,518.67,13.0
TH-21100,Thea Hendricks,Consumer,2422.824,-135.2125,5,29,0.17142857142857146,-5.58,484.56,17.14
TH-21115,Thea Hudgings,Corporate,2942.772,-252.5539,4,29,0.23333333333333334,-8.58,735.69,23.33
TH-21235,Tiffany House,Corporate,1022.201,92.729,8,40,0.2076923076923077,9.07,127.78,20.77
TH-21550,Tracy Hopkins,Home Office,4234.0960000000005,-571.9678,7,44,0.06923076923076922,-13.51,604.87,6.92
TM-21010,Tamara Manning,Consumer,2955.2259999999997,573.3013,8,67,0.05263157894736842,19.4,369.4,5.26
TM-21490,Tony Molinari,Consumer,1094.6779999999999,292.52099999999996,3,12,0.05,26.72,364.89,5.0
TN-21040,Tanja Norvell,Home Office,3130.221,-692.0452,7,48,0.19999999999999998,-22.11,447.17,20.0
TP-21130,Theone Pippenger,Consumer,4454.0560000000005,1129.1261,9,55,0.08750000000000001,25.35,494.9,8.75
TP-21415,Tom Prescott,Consumer,5329.0048,-1087.3898,5,39,0.462,-20.41,1065.8,46.2
TP-21565,Tracy Poddar,Corporate,1936.6399999999999,139.22869999999995,4,48,0.24,7.19,484.16,24.0
TR-21325,Toby Ritter,Consumer,675.9419999999999,220.36440000000002,5,22,0.028571428571428574,32.6,135.19,2.86
TS-21085,Thais Sissman,Consumer,4.833,-3.3156,2,4,0.7,-68.6,2.42,70.0
TS-21160,Theresa Swint,Corporate,2163.6240000000003,260.87440000000004,6,60,0.22352941176470587,12.06,360.6,22.35
TS-21205,Thomas Seio,Corporate,5371.09,862.8877,7,67,0.15789473684210525,16.07,767.3,15.79
TS-21340,Toby Swindell,Consumer,974.7819999999999,-184.97889999999998,5,51,0.2833333333333333,-18.98,194.96,28.33
TS-21370,Todd Sumrall,Corporate,11891.751,2371.7144000000003,6,59,0.11666666666666667,19.94,1981.96,11.67
TS-21430,Tom Stivers,Corporate,2054.14,48.70169999999999,5,31,0.15714285714285717,2.37,410.83,15.71
TS-21505,Tony Sayre,Consumer,2243.274,11.377899999999983,6,54,0.19285714285714287,0.51,373.88,19.29
TS-21610,Troy Staebel,Consumer,2820.424,-294.6981,7,44,0.3727272727272727,-10.45,402.92,37.27
TS-21655,Trudy Schmidt,Consumer,3368.094,220.91629999999998,5,52,0.19285714285714287,6.56,673.62,19.29
TT-21070,Ted Trevino,Consumer,4915.602,751.9567,7,66,0.1142857142857143,15.3,702.23,11.43
TT-21220,Thomas Thornton,Consumer,1427.0439999999999,278.7371,8,55,0.21333333333333335,19.53,178.38,21.33
TT-21265,Tim Taslimi,Corporate,439.5,93.9162,3,8,0.0,21.37,146.5,0.0
TT-21460,Tonja Turnell,Home Office,5364.808,1124.4999,7,48,0.1285714285714286,20.96,766.4,12.86
TW-21025,Tamara Willingham,Home Office,5278.826,737.3905,7,57,0.10000000000000002,13.97,754.12,10.0
TZ-21580,Tracy Zic,Consumer,1707.286,224.8887,4,30,0.08888888888888889,13.17,426.82,8.89
VB-21745,Victoria Brennan,Corporate,2005.596,371.2398,6,37,0.16999999999999998,18.51,334.27,17.0
VD-21670,Valerie Dominguez,Consumer,6442.254,1617.7874000000002,6,71,0.07500000000000001,25.11,1073.71,7.5
VF-21715,Vicky Freymann,Home Office,847.944,-96.27799999999999,5,35,0.06363636363636363,-11.35,169.59,6.36
VG-21790,Vivek Gonzalez,Consumer,846.01,143.6268,6,32,0.07500000000000001,16.98,141.0,7.5
VG-21805,Vivek Grady,Corporate,427.372,-52.333,5,16,0.10000000000000002,-12.25,85.47,10.0
VM-21685,Valerie Mitchum,Home Office,2454.866,513.5269,7,37,0.10000000000000002,20.92,350.7,10.0
VM-21835,Vivian Mathis,Consumer,380.69,116.6373,5,25,0.11249999999999999,30.64,76.14,11.25
VP-21730,Victor Preis,Home Office,993.9019999999999,205.3888,3,18,0.04,20.66,331.3,4.0
VP-21760,Victoria Pisteka,Corporate,3360.526,-1018.7768,7,65,0.17142857142857143,-30.32,480.08,17.14
VS-21820,Vivek Sundaresam,Consumer,1055.981,-262.8093,4,38,0.475,-24.89,264.0,47.5
VT-21700,Valerie Takahito,Home Office,1736.596,-224.08889999999997,2,42,0.3333333333333333,-12.9,868.3,33.33
VW-21775,Victoria Wilson,Corporate,6134.0380000000005,-874.6645,10,77,0.1611111111111111,-14.26,613.4,16.11
WB-21850,William Brown,Consumer,6160.102,714.3311,11,146,0.2054054054054054,11.6,560.01,20.54
XP-21865,Xylona Preis,Consumer,2374.658,621.23,11,100,0.04642857142857143,26.16,215.88,4.64
YC-21895,Yoseph Carroll,Corporate,5454.35,1305.629,5,31,0.07500000000000001,23.94,1090.87,7.5
YS-21880,Yana Sorensen,Corporate,6720.4439999999995,1778.2923,8,58,0.05000000000000001,26.46,840.06,5.0
ZC-21910,Zuschuss Carroll,Consumer,8025.707,-1032.1490000000001,13,105,0.25483870967741934,-12.86,617.36,25.48
ZD-21925,Zuschuss Donatelli,Consumer,1493.944,249.1307,5,32,0.1111111111111111,16.68,298.79,11.11
